run_id,tx_hash,submitted_at,mined_at,latency_ms,status,gas_used,gas_price_wei,block_number,function_name
run-001,0xtxhash_run-001_1,2025-08-15T08:00:00,2025-08-15T08:00:01,1860,success,102976,10751316996,1099856,bookHotel
run-002,0xtxhash_run-002_1,2025-08-15T08:00:00,2025-08-15T08:00:01,1526,success,69529,8383634549,1796284,bookHotel
run-003,0xtxhash_run-003_1,2025-08-15T08:00:00,2025-08-15T08:00:01,658,success,132555,19232263632,1430832,bookHotel
run-004,0xtxhash_run-004_1,2025-08-15T08:00:00,2025-08-15T08:00:01,1095,success,94085,13721633507,1244859,bookHotel
run-005,0xtxhash_run-005_1,2025-08-15T08:00:00,2025-08-15T08:00:01,909,success,36078,11758643520,1747057,bookHotel
run-006,0xtxhash_run-006_1,2025-08-15T08:00:00,2025-08-15T08:00:01,1617,success,73984,6111446129,1642087,bookHotel
run-007,0xtxhash_run-007_1,2025-08-15T08:00:00,2025-08-15T08:00:01,1593,success,56906,7122959904,1895612,bookHotel
run-008,0xtxhash_run-008_1,2025-08-15T08:00:00,2025-08-15T08:00:01,724,success,144239,6935318063,1669329,bookHotel
run-009,0xtxhash_run-009_1,2025-08-15T08:00:00,2025-08-15T08:00:01,1246,success,36031,15773141825,1535658,bookHotel
run-010,0xtxhash_run-010_1,2025-08-15T08:00:00,2025-08-15T08:00:01,1863,success,66668,8089486967,1761455,bookHotel
run-011,0xtxhash_run-011_1,2025-08-15T08:00:00,2025-08-15T08:00:01,1242,success,75746,8975812316,1927103,bookHotel
run-012,0xtxhash_run-012_1,2025-08-15T08:00:00,2025-08-15T08:00:01,1114,success,39456,13439562776,1916029,bookHotel
run-013,0xtxhash_run-013_1,2025-08-15T08:00:00,2025-08-15T08:00:01,1245,success,81175,15913890893,1845685,bookHotel
run-014,0xtxhash_run-014_1,2025-08-15T08:00:00,2025-08-15T08:00:01,327,success,91946,9699621441,1656159,bookHotel
run-015,0xtxhash_run-015_1,2025-08-15T08:00:00,2025-08-15T08:00:01,1898,success,110441,1620961357,1827677,bookHotel
run-016,0xtxhash_run-016_1,2025-08-15T08:00:00,2025-08-15T08:00:01,1348,success,149100,10552169769,1504500,bookHotel
run-017,0xtxhash_run-017_1,2025-08-15T08:00:00,2025-08-15T08:00:01,786,success,73077,11582228870,1912057,bookHotel
run-018,0xtxhash_run-018_1,2025-08-15T08:00:00,2025-08-15T08:00:01,182,success,38661,10257849294,1202182,bookHotel
run-019,0xtxhash_run-019_1,2025-08-15T08:00:00,2025-08-15T08:00:01,1676,success,111316,17165835536,1291421,bookHotel
run-020,0xtxhash_run-020_1,2025-08-15T08:00:00,2025-08-15T08:00:01,172,success,22472,18618445546,1828562,bookHotel
run-021,0xtxhash_run-021_1,2025-08-15T08:00:00,2025-08-15T08:00:01,1564,success,102102,18110901361,1510186,bookHotel
run-022,0xtxhash_run-022_1,2025-08-15T08:00:00,2025-08-15T08:00:01,998,success,111674,10670350567,1582333,bookHotel
run-023,0xtxhash_run-023_1,2025-08-15T08:00:00,2025-08-15T08:00:01,982,success,31885,11584450926,1558636,bookHotel
run-024,0xtxhash_run-024_1,2025-08-15T08:00:00,2025-08-15T08:00:01,1119,success,24910,9507630283,1140756,bookHotel
run-025,0xtxhash_run-025_1,2025-08-15T08:00:00,2025-08-15T08:00:01,1139,success,99978,1464571687,1563683,bookHotel
run-026,0xtxhash_run-026_1,2025-08-15T08:00:00,2025-08-15T08:00:01,582,success,88040,12824511759,1489424,bookHotel
run-027,0xtxhash_run-027_1,2025-08-15T08:00:00,2025-08-15T08:00:01,1036,success,69807,17337505066,1047757,bookHotel
run-028,0xtxhash_run-028_1,2025-08-15T08:00:00,2025-08-15T08:00:01,1826,success,73762,2766072191,1807680,bookHotel
run-029,0xtxhash_run-029_1,2025-08-15T08:00:00,2025-08-15T08:00:01,1280,success,83259,16067786538,1319576,bookHotel
run-030,0xtxhash_run-030_1,2025-08-15T08:00:00,2025-08-15T08:00:01,117,success,112954,18608082830,1547475,bookHotel
run-031,0xtxhash_run-031_1,2025-08-15T08:00:00,2025-08-15T08:00:01,175,success,136359,3773837232,1968000,bookHotel
run-032,0xtxhash_run-032_1,2025-08-15T08:00:00,2025-08-15T08:00:01,1717,success,142012,8393163116,1581536,bookHotel
run-033,0xtxhash_run-033_1,2025-08-15T08:00:00,2025-08-15T08:00:01,1175,success,118291,17361041729,1595128,bookHotel
run-034,0xtxhash_run-034_1,2025-08-15T08:00:00,2025-08-15T08:00:01,399,success,149510,8714228951,1493150,bookHotel
run-035,0xtxhash_run-035_1,2025-08-15T08:00:00,2025-08-15T08:00:01,236,success,139638,3458925063,1441115,bookHotel
run-036,0xtxhash_run-036_1,2025-08-15T08:00:00,2025-08-15T08:00:01,959,success,25638,4650128050,1085522,bookHotel
run-037,0xtxhash_run-037_1,2025-08-15T08:00:00,2025-08-15T08:00:01,1777,success,64802,10740771155,1192187,bookHotel
run-038,0xtxhash_run-038_1,2025-08-15T08:00:00,2025-08-15T08:00:01,976,success,138487,8454146434,1905647,bookHotel
run-039,0xtxhash_run-039_1,2025-08-15T08:00:00,2025-08-15T08:00:01,336,success,25962,5182406199,1478554,bookHotel
run-040,0xtxhash_run-040_1,2025-08-15T08:00:00,2025-08-15T08:00:01,130,success,21628,3073579575,1603031,bookHotel
run-041,0xtxhash_run-041_1,2025-08-15T08:00:00,2025-08-15T08:00:01,142,success,29612,19000155524,1372030,bookHotel
run-042,0xtxhash_run-042_1,2025-08-15T08:00:00,2025-08-15T08:00:01,718,success,76652,14895152536,1552267,bookHotel
run-043,0xtxhash_run-043_1,2025-08-15T08:00:00,2025-08-15T08:00:01,1519,success,91648,8284244281,1807534,bookHotel
run-044,0xtxhash_run-044_1,2025-08-15T08:00:00,2025-08-15T08:00:01,1950,success,49387,5250745654,1780863,bookHotel
run-045,0xtxhash_run-045_1,2025-08-15T08:00:00,2025-08-15T08:00:01,1807,success,96635,5127580862,1528898,bookHotel
run-046,0xtxhash_run-046_1,2025-08-15T08:00:00,2025-08-15T08:00:01,281,success,109677,2761848011,1414453,bookHotel
run-047,0xtxhash_run-047_1,2025-08-15T08:00:00,2025-08-15T08:00:01,802,success,51871,18760070781,1958420,bookHotel
run-048,0xtxhash_run-048_1,2025-08-15T08:00:00,2025-08-15T08:00:01,1283,success,51238,3043708684,1832975,bookHotel
run-049,0xtxhash_run-049_1,2025-08-15T08:00:00,2025-08-15T08:00:01,936,success,34047,10505832718,1645750,bookHotel
run-050,0xtxhash_run-050_1,2025-08-15T08:00:00,2025-08-15T08:00:01,1938,success,59249,14184284327,1546131,bookHotel
run-051,0xtxhash_run-051_1,2025-08-15T08:00:00,2025-08-15T08:00:01,1435,success,146155,1728425354,1792028,bookHotel
run-052,0xtxhash_run-052_1,2025-08-15T08:00:00,2025-08-15T08:00:01,1010,success,78440,18988144445,1123124,bookHotel
run-053,0xtxhash_run-053_1,2025-08-15T08:00:00,2025-08-15T08:00:01,161,success,74402,16586043585,1593523,bookHotel
run-054,0xtxhash_run-054_1,2025-08-15T08:00:00,2025-08-15T08:00:01,257,success,119992,5417259577,1729011,bookHotel
run-055,0xtxhash_run-055_1,2025-08-15T08:00:00,2025-08-15T08:00:01,1218,success,35256,15395020720,1329610,bookHotel
run-056,0xtxhash_run-056_1,2025-08-15T08:00:00,2025-08-15T08:00:01,548,success,126194,7302571300,1800705,bookHotel
run-057,0xtxhash_run-057_1,2025-08-15T08:00:00,2025-08-15T08:00:01,1060,success,62837,3075717256,1599075,bookHotel
run-058,0xtxhash_run-058_1,2025-08-15T08:00:00,2025-08-15T08:00:01,227,success,65406,9748677160,1357233,bookHotel
run-059,0xtxhash_run-059_1,2025-08-15T08:00:00,2025-08-15T08:00:01,1445,success,115215,16748602132,1941860,bookHotel
run-060,0xtxhash_run-060_1,2025-08-15T08:00:00,2025-08-15T08:00:01,578,success,32323,8623675554,1618844,bookHotel
run-061,0xtxhash_run-061_1,2025-08-15T08:00:00,2025-08-15T08:00:01,1017,success,143631,1522659653,1348169,bookHotel
run-062,0xtxhash_run-062_1,2025-08-15T08:00:00,2025-08-15T08:00:01,1169,success,93184,7388250791,1589572,bookHotel
run-063,0xtxhash_run-063_1,2025-08-15T08:00:00,2025-08-15T08:00:01,112,success,63675,5781211027,1336851,bookHotel
run-064,0xtxhash_run-064_1,2025-08-15T08:00:00,2025-08-15T08:00:01,1097,success,49657,6005571145,1196758,bookHotel
run-065,0xtxhash_run-065_1,2025-08-15T08:00:00,2025-08-15T08:00:01,154,success,91013,11201389592,1887701,bookHotel
run-066,0xtxhash_run-066_1,2025-08-15T08:00:00,2025-08-15T08:00:01,1611,success,114560,1453040113,1773679,bookHotel
run-067,0xtxhash_run-067_1,2025-08-15T08:00:00,2025-08-15T08:00:01,1202,success,78724,16987023878,1879136,bookHotel
run-068,0xtxhash_run-068_1,2025-08-15T08:00:00,2025-08-15T08:00:01,259,success,22860,1244855362,1415977,bookHotel
run-069,0xtxhash_run-069_1,2025-08-15T08:00:00,2025-08-15T08:00:01,1112,success,50722,1565048383,1043044,bookHotel
run-070,0xtxhash_run-070_1,2025-08-15T08:00:00,2025-08-15T08:00:01,1747,success,104041,17414977225,1983379,bookHotel
run-071,0xtxhash_run-071_1,2025-08-15T08:00:00,2025-08-15T08:00:01,1099,success,124320,1015291158,1438849,bookHotel
run-072,0xtxhash_run-072_1,2025-08-15T08:00:00,2025-08-15T08:00:01,789,success,67649,15115478556,1991093,bookHotel
run-073,0xtxhash_run-073_1,2025-08-15T08:00:00,2025-08-15T08:00:01,1793,success,138905,2353481619,1060698,bookHotel
run-074,0xtxhash_run-074_1,2025-08-15T08:00:00,2025-08-15T08:00:01,1429,success,60365,14693958051,1824312,bookHotel
run-075,0xtxhash_run-075_1,2025-08-15T08:00:00,2025-08-15T08:00:01,920,success,106986,15454000220,1064284,bookHotel
run-076,0xtxhash_run-076_1,2025-08-15T08:00:00,2025-08-15T08:00:01,1087,success,48710,10074628963,1762423,bookHotel
run-077,0xtxhash_run-077_1,2025-08-15T08:00:00,2025-08-15T08:00:01,1783,success,88343,2967749670,1598570,bookHotel
run-078,0xtxhash_run-078_1,2025-08-15T08:00:00,2025-08-15T08:00:01,1726,success,25004,3362914610,1261702,bookHotel
run-079,0xtxhash_run-079_1,2025-08-15T08:00:00,2025-08-15T08:00:01,972,success,46437,10945456994,1449101,bookHotel
run-080,0xtxhash_run-080_1,2025-08-15T08:00:00,2025-08-15T08:00:01,1582,success,136068,13087903963,1964066,bookHotel
run-081,0xtxhash_run-081_1,2025-08-15T08:00:00,2025-08-15T08:00:01,347,success,67178,10674334884,1987641,bookHotel
run-082,0xtxhash_run-082_1,2025-08-15T08:00:00,2025-08-15T08:00:01,1479,success,128523,14466716620,1724677,bookHotel
run-083,0xtxhash_run-083_1,2025-08-15T08:00:00,2025-08-15T08:00:01,1858,success,136145,1725789842,1418414,bookHotel
run-084,0xtxhash_run-084_1,2025-08-15T08:00:00,2025-08-15T08:00:01,925,success,92563,16038719983,1866370,bookHotel
run-085,0xtxhash_run-085_1,2025-08-15T08:00:00,2025-08-15T08:00:01,1407,success,68394,18127999508,1087879,bookHotel
run-086,0xtxhash_run-086_1,2025-08-15T08:00:00,2025-08-15T08:00:01,538,success,122040,15842419611,1371633,bookHotel
run-087,0xtxhash_run-087_1,2025-08-15T08:00:00,2025-08-15T08:00:01,551,success,132300,15483410626,1962512,bookHotel
run-088,0xtxhash_run-088_1,2025-08-15T08:00:00,2025-08-15T08:00:01,689,success,75492,14059163606,1312259,bookHotel
run-089,0xtxhash_run-089_1,2025-08-15T08:00:00,2025-08-15T08:00:01,198,success,130903,6874484658,1919211,bookHotel
run-090,0xtxhash_run-090_1,2025-08-15T08:00:00,2025-08-15T08:00:01,1664,success,29962,18856557645,1921585,bookHotel
run-091,0xtxhash_run-091_1,2025-08-15T08:00:00,2025-08-15T08:00:01,1403,success,68640,15090023972,1186849,bookHotel
run-092,0xtxhash_run-092_1,2025-08-15T08:00:00,2025-08-15T08:00:01,1072,success,137055,19780410977,1102712,bookHotel
run-093,0xtxhash_run-093_1,2025-08-15T08:00:00,2025-08-15T08:00:01,367,success,50241,4909434388,1564616,bookHotel
run-094,0xtxhash_run-094_1,2025-08-15T08:00:00,2025-08-15T08:00:01,917,success,31045,17702159129,1233781,bookHotel
run-095,0xtxhash_run-095_1,2025-08-15T08:00:00,2025-08-15T08:00:01,1523,success,98829,9700555847,1039126,bookHotel
run-096,0xtxhash_run-096_1,2025-08-15T08:00:00,2025-08-15T08:00:01,1563,success,22819,18353877921,1299816,bookHotel
run-097,0xtxhash_run-097_1,2025-08-15T08:00:00,2025-08-15T08:00:01,121,success,129928,15247549354,1337475,bookHotel
run-098,0xtxhash_run-098_1,2025-08-15T08:00:00,2025-08-15T08:00:01,1826,success,140739,17584485708,1954691,bookHotel
run-099,0xtxhash_run-099_1,2025-08-15T08:00:00,2025-08-15T08:00:01,819,success,65440,18188435854,1780381,bookHotel
run-100,0xtxhash_run-100_1,2025-08-15T08:00:00,2025-08-15T08:00:01,377,success,101774,11309531990,1210311,bookHotel
