timestamp,function,gas_used,gas_price_gwei,estimated_fee_eth,estimated_fee_rp,status
2025-05-31 00:55:23,bookHotel,485242,78.31,0.000873,1227917,Failed
2025-02-02 02:43:51,bookHotel,339677,134.16,0.034517,1224431,Failed
2020-04-11 05:24:07,bookHotel,1075961,131.73,0.028307,922496,Success
2025-12-24 11:59:33,bookHotel,694443,102.45,0.048737,1105583,Failed
2023-05-24 18:45:48,bookHotel,1111598,126.1,0.026426,286214,Failed
2020-04-27 07:27:46,bookHotel,113567,93.65,0.018863,16165,Success
2020-12-17 16:23:01,bookHotel,653378,29.98,0.049939,9280,Success
2021-01-10 01:48:25,bookHotel,857254,74.98,0.039511,370675,Success
2025-03-30 17:04:29,bookHotel,699335,55.49,0.003559,432935,Failed
2023-02-09 19:46:17,bookHotel,896333,105.13,0.01157,665506,Failed
2023-10-30 08:16:41,bookHotel,476767,190.56,0.0478,1224877,Success
2021-11-14 08:44:37,bookHotel,105887,50.86,0.048075,488907,Success
2024-05-30 17:32:55,bookHotel,184565,61.9,0.043364,272067,Failed
2025-04-10 19:54:07,bookHotel,777999,199.55,0.000984,188927,Failed
2021-10-16 17:12:30,bookHotel,1460019,11.79,0.013916,300420,Success
2023-06-26 18:49:20,bookHotel,865296,152.84,0.048207,85314,Failed
2022-02-16 07:59:15,bookHotel,699871,10.61,0.010764,529998,Success
2021-01-24 23:23:58,bookHotel,948795,115.84,0.041444,463153,Success
2020-11-26 01:50:25,bookHotel,1415358,85.37,0.013381,1342609,Success
2025-12-29 14:59:52,bookHotel,1245374,46.55,0.032811,351871,Failed
2022-07-06 14:01:16,bookHotel,1488974,70.66,0.03648,1258672,Success
2023-06-10 23:06:19,bookHotel,575849,151.21,0.001321,1397058,Success
2025-11-20 13:33:51,bookHotel,1270101,137.04,0.034156,171809,Success
2024-02-11 01:13:38,bookHotel,252059,17.62,0.006938,1151860,Success
2022-06-13 04:58:14,bookHotel,1406192,47.17,0.035516,11874,Success
2020-04-06 15:43:03,bookHotel,488887,184.83,0.032145,626892,Success
2022-12-01 12:14:36,bookHotel,1166838,110.94,0.027403,960023,Success
2021-08-09 07:44:48,bookHotel,622654,80.5,0.0319,616124,Failed
2024-12-06 11:26:20,bookHotel,404079,21.03,0.022571,270069,Success
2020-12-22 01:09:32,bookHotel,1220683,68.22,0.028675,1075933,Failed
2023-10-16 11:52:25,bookHotel,293029,164.68,0.013504,91920,Failed
2020-03-18 01:38:54,bookHotel,22290,115.03,0.013546,389657,Success
2023-08-24 07:58:51,bookHotel,1358686,104.7,0.021349,364560,Failed
2020-07-30 21:29:13,bookHotel,1032781,55.99,0.001488,318961,Success
2024-10-23 21:31:33,bookHotel,285427,113.24,0.034019,1025217,Failed
2024-08-14 02:30:12,bookHotel,1388381,32.72,0.021686,525476,Success
2020-08-14 19:34:29,bookHotel,1281283,73.92,0.04254,437144,Failed
2022-03-27 02:05:57,bookHotel,450980,128.1,0.042693,157174,Success
2025-03-21 00:26:49,bookHotel,1394030,39.4,0.004508,356318,Success
2022-05-19 08:06:08,bookHotel,61275,83.09,0.047372,1444684,Failed
2020-12-08 09:59:28,bookHotel,89000,198.88,0.012795,610020,Failed
2022-03-21 04:10:30,bookHotel,769828,112.78,0.043302,111542,Failed
2025-06-27 04:04:07,bookHotel,604330,172.56,0.019485,959544,Failed
2023-10-01 00:25:31,bookHotel,854181,112.12,0.010476,1408008,Success
2020-05-15 01:29:10,bookHotel,1376497,139.47,0.048698,346816,Failed
2023-06-30 02:36:46,bookHotel,119268,176.53,0.029154,927942,Success
2021-07-26 14:45:27,bookHotel,685146,105.59,0.040036,1361999,Failed
2025-10-06 01:20:33,bookHotel,1180518,80.79,0.008783,200740,Success
2023-11-13 04:06:25,bookHotel,583887,66.76,0.020824,1387950,Success
2025-04-02 10:08:22,bookHotel,436582,158.35,0.019486,1294889,Failed
2022-01-01 10:08:00,bookHotel,388456,142.35,0.043307,773639,Failed
2021-02-07 22:36:26,bookHotel,589769,162.06,0.041578,399181,Failed
2023-01-13 08:46:23,bookHotel,1101686,45.02,0.022229,366072,Success
2023-04-13 01:22:00,bookHotel,1010427,194.52,0.008565,1369496,Failed
2021-08-31 17:59:45,bookHotel,253968,101.75,0.042153,1258065,Failed
2021-02-28 02:23:09,bookHotel,1294086,193.64,0.019419,858422,Failed
2025-12-22 14:56:12,bookHotel,624415,72.87,0.020816,672646,Success
2023-11-13 05:11:26,bookHotel,851674,9.41,0.034846,724675,Success
2023-01-04 18:55:59,bookHotel,140355,187.15,0.04076,1280878,Failed
2023-02-26 23:36:01,bookHotel,531995,122.09,0.016328,367010,Success
2023-02-14 07:24:52,bookHotel,214518,55.14,0.011979,134622,Success
2024-03-04 09:49:29,bookHotel,1120189,187.2,0.001019,181779,Success
2024-02-24 12:02:48,bookHotel,1441203,23.56,0.029574,998845,Success
2020-05-23 14:18:04,bookHotel,552793,176.87,0.003135,1097018,Success
2024-09-17 14:10:16,bookHotel,41510,91.63,0.019959,721885,Failed
2021-06-27 13:59:01,bookHotel,797766,177.8,0.028361,671903,Success
2022-06-21 10:00:14,bookHotel,838079,88.95,0.026207,835431,Success
2022-09-11 22:48:26,bookHotel,1313696,2.28,0.002109,1494617,Failed
2025-06-13 18:50:05,bookHotel,1256234,32.18,0.006482,33635,Failed
2022-08-27 18:57:56,bookHotel,557298,27.13,0.040534,356380,Failed
2020-08-20 19:07:04,bookHotel,1224690,36.95,0.035423,23633,Failed
2025-04-25 19:27:42,bookHotel,835697,133.81,0.009414,272878,Failed
2023-12-08 01:47:48,bookHotel,1080755,58.5,0.041211,387374,Failed
2025-11-01 23:08:06,bookHotel,145344,67.57,0.024035,200566,Success
2021-12-20 20:07:22,bookHotel,1030547,199.78,0.012587,559813,Success
2024-01-30 21:06:31,bookHotel,889554,77.23,0.048917,952702,Success
2020-05-25 10:12:45,bookHotel,878656,49.77,0.011363,1143776,Success
2023-05-24 02:49:14,bookHotel,1014951,155.6,0.018083,850937,Failed
2021-02-07 09:25:13,bookHotel,1116008,21.03,0.010034,511683,Success
2021-02-20 00:50:45,bookHotel,892793,62.4,0.012789,179452,Success
2025-03-27 03:18:12,bookHotel,890559,104.78,0.042411,1332396,Success
2023-04-12 18:45:54,bookHotel,1118425,152.78,0.005033,906173,Success
2020-03-26 07:55:33,bookHotel,941568,138.7,0.023696,876321,Success
2023-05-23 14:03:40,bookHotel,1331924,61.53,0.007145,139395,Success
2025-01-01 23:08:43,bookHotel,996735,103.71,0.044621,543526,Success
2023-10-11 09:44:38,bookHotel,165335,58.09,0.033935,989048,Failed
2025-09-29 19:07:38,bookHotel,975787,148.09,0.017055,1083911,Failed
2022-10-24 11:01:18,bookHotel,612751,185.13,0.007278,558268,Failed
2023-05-08 13:17:49,bookHotel,1424947,168.17,0.02731,642399,Failed
2023-02-18 21:07:34,bookHotel,672779,182.0,0.000706,1030640,Success
2023-03-28 08:39:43,bookHotel,1183523,51.28,0.001895,893616,Success
2024-03-01 16:10:56,bookHotel,873240,16.89,0.046375,475440,Failed
2024-12-27 14:56:53,bookHotel,1482472,88.61,0.029065,1437979,Success
2021-04-03 21:37:15,bookHotel,1345129,152.56,0.044066,384522,Success
2024-10-25 04:46:10,bookHotel,881214,137.72,0.032742,966192,Success
2022-05-28 15:40:54,bookHotel,1429887,30.32,0.009637,1321062,Success
2023-04-27 10:45:57,bookHotel,175516,121.4,0.025363,286816,Failed
2022-09-04 14:17:01,bookHotel,1370036,42.32,0.040541,1223412,Failed
2021-10-22 01:06:06,bookHotel,115396,160.84,0.037288,789188,Failed
2021-12-24 15:03:04,bookHotel,43460,108.99,0.002165,150904,Success
2024-05-07 01:51:34,bookHotel,1080500,189.32,0.046109,605959,Success
2021-11-17 03:32:04,bookHotel,428764,79.46,0.022673,92879,Failed
2023-05-24 02:04:04,bookHotel,1259536,142.45,0.032034,915341,Failed
2022-01-07 17:43:59,bookHotel,1089732,175.47,0.00177,1253641,Success
2020-02-29 01:01:39,bookHotel,1144337,178.62,0.03276,492331,Success
2023-05-23 02:18:22,bookHotel,539525,60.39,0.044923,566859,Success
2022-01-15 12:39:21,bookHotel,321082,83.72,0.023604,1240039,Failed
2020-05-13 22:33:34,bookHotel,586489,120.97,0.024346,1159740,Failed
2025-06-01 16:57:27,bookHotel,355361,72.1,0.010748,1290781,Failed
2024-10-02 12:06:28,bookHotel,893434,41.97,0.043439,1189307,Success
2022-04-08 13:17:30,bookHotel,181928,80.12,0.048297,45283,Failed
2023-06-24 06:17:43,bookHotel,791120,161.83,0.038522,608827,Failed
2021-04-23 21:52:34,bookHotel,360429,80.44,0.04015,1309800,Failed
2023-11-25 21:53:58,bookHotel,197957,181.01,0.010039,1415073,Failed
2024-04-23 14:07:45,bookHotel,278421,93.88,0.020699,1130845,Failed
2023-05-19 04:34:17,bookHotel,562249,61.4,0.009264,1432705,Success
2022-06-09 19:34:58,bookHotel,929280,155.56,0.0246,784510,Failed
2021-03-17 07:26:32,bookHotel,1015087,185.05,0.03039,83107,Failed
2021-10-08 21:44:29,bookHotel,43056,106.99,0.003485,423952,Failed
2020-09-29 06:28:22,bookHotel,884142,139.32,0.049971,1224957,Failed
2025-07-30 21:54:06,bookHotel,894181,33.31,0.043538,979554,Success
2022-08-09 16:18:00,bookHotel,783302,122.66,0.012908,252880,Success
2020-03-17 10:07:49,bookHotel,280751,5.44,0.041662,107054,Failed
2020-11-22 07:52:33,bookHotel,1027340,20.0,0.010166,394856,Failed
2023-01-06 14:46:55,bookHotel,380801,63.03,0.006914,583746,Success
2021-06-06 15:36:38,bookHotel,977484,149.36,0.019497,297053,Failed
2020-12-14 00:00:15,bookHotel,1141730,160.81,0.033606,620679,Failed
2022-03-28 20:22:48,bookHotel,747809,82.31,0.040579,79574,Failed
2025-09-12 21:16:25,bookHotel,138888,93.57,0.040917,19458,Failed
2021-04-18 17:07:45,bookHotel,1381637,123.91,0.027499,1341354,Failed
2024-05-19 13:18:14,bookHotel,196675,187.84,0.035556,1063210,Success
2025-10-19 07:48:45,bookHotel,341136,124.57,0.011108,410975,Failed
2025-02-17 04:52:08,bookHotel,1398428,62.02,0.007737,1238235,Failed
2025-05-29 16:32:34,bookHotel,1412495,138.65,0.031112,1461653,Failed
2023-07-19 20:05:33,bookHotel,896522,195.61,0.03409,220195,Success
2025-07-06 05:27:37,bookHotel,937947,16.34,0.00756,92558,Success
2025-01-25 15:36:10,bookHotel,1023094,149.03,0.013587,140574,Failed
2020-08-01 15:30:26,bookHotel,221775,48.94,0.008372,259523,Failed
2025-06-30 14:17:52,bookHotel,160018,185.65,0.041834,498405,Success
2020-05-24 18:28:09,bookHotel,793645,110.05,0.02606,695439,Success
2025-05-19 08:34:10,bookHotel,1382624,168.28,0.02033,334525,Failed
2025-10-29 17:35:34,bookHotel,959596,4.24,0.049383,1073382,Failed
2022-07-01 06:33:42,bookHotel,118107,132.68,0.037308,567135,Success
2025-09-26 04:58:47,bookHotel,1094158,150.62,0.048039,1216193,Success
2020-06-24 18:47:31,bookHotel,889864,186.08,0.024731,927263,Success
2022-01-26 12:14:25,bookHotel,495707,86.04,0.04488,20241,Failed
2020-01-08 23:30:24,bookHotel,254197,58.25,0.036453,939994,Success
2020-05-26 15:47:14,bookHotel,522281,46.69,0.033162,484904,Failed
2023-07-10 17:02:41,bookHotel,570076,155.62,0.017122,164689,Failed
2021-07-05 17:55:51,bookHotel,607838,166.31,0.02496,1287896,Failed
2024-01-19 15:13:24,bookHotel,1049068,41.9,0.036808,605469,Success
2020-11-06 08:21:10,bookHotel,468893,36.76,0.036518,197300,Success
2025-07-17 17:17:35,bookHotel,1161661,189.36,0.02878,522915,Failed
2025-10-18 11:19:45,bookHotel,1492776,21.76,0.028774,1453966,Failed
2022-07-25 15:37:45,bookHotel,1317425,63.05,0.035706,1224187,Success
2020-04-21 15:46:59,bookHotel,1067552,79.9,0.029108,147430,Failed
2025-07-15 20:02:24,bookHotel,1326021,117.21,0.025227,1060296,Failed
2023-06-21 17:12:19,bookHotel,319137,129.63,0.032994,1165165,Failed
2023-01-06 09:43:19,bookHotel,679931,169.13,0.014364,308474,Failed
2023-05-11 15:18:35,bookHotel,1237097,40.13,0.027755,178429,Success
2021-11-04 01:24:00,bookHotel,1158918,55.69,0.014814,696805,Success
2025-03-28 05:26:44,bookHotel,1384672,1.13,0.035019,400037,Success
2021-06-21 00:53:16,bookHotel,906150,197.54,0.039962,1391402,Failed
2022-09-07 06:38:17,bookHotel,819783,103.44,0.028437,296691,Failed
2025-05-18 05:36:13,bookHotel,1127461,180.11,0.006776,1136337,Failed
2023-05-08 22:37:10,bookHotel,1335422,190.55,0.02606,943703,Failed
2023-10-12 00:01:42,bookHotel,814666,96.96,0.020575,991900,Success
2023-11-21 04:38:03,bookHotel,1242821,32.1,0.03963,1431294,Success
2022-06-01 23:53:10,bookHotel,662690,98.33,0.028517,799077,Success
2024-02-18 09:05:55,bookHotel,573385,188.34,0.025626,1096166,Success
2024-06-14 16:14:35,bookHotel,1497998,192.73,0.036927,1484428,Failed
2020-09-20 16:52:12,bookHotel,519055,51.45,0.036949,1344948,Failed
2023-04-29 20:48:57,bookHotel,263237,43.9,0.0482,827653,Success
2021-09-13 13:12:44,bookHotel,120147,107.16,0.020885,1160839,Failed
2021-02-01 02:43:00,bookHotel,1104240,117.63,0.014689,699078,Success
2025-08-18 03:13:47,bookHotel,648510,186.78,0.022048,377379,Failed
2023-11-20 07:20:01,bookHotel,90431,116.37,0.011679,686346,Failed
2022-06-16 06:35:40,bookHotel,64873,140.56,0.0243,800297,Failed
2022-12-06 07:37:25,bookHotel,70715,184.08,0.010359,997425,Success
2024-12-12 02:52:14,bookHotel,475097,164.74,0.028675,1186164,Success
2021-01-03 17:53:20,bookHotel,405939,162.09,0.036921,440214,Failed
2023-12-18 18:03:38,bookHotel,960562,93.63,0.042376,1331506,Failed
2023-04-09 22:15:28,bookHotel,678483,66.09,0.007578,1051095,Failed
2024-10-31 09:38:23,bookHotel,1019403,181.74,0.003343,332305,Success
2021-08-23 07:58:11,bookHotel,1371030,175.89,0.019586,332757,Success
2021-11-24 04:30:37,bookHotel,301660,22.22,0.027412,88703,Success
2023-08-11 09:41:15,bookHotel,555158,104.06,0.038795,128385,Failed
2024-12-12 18:23:27,bookHotel,622500,144.39,0.037928,822914,Success
2023-01-21 07:59:37,bookHotel,301510,1.22,0.044764,1235259,Success
2023-09-20 13:12:32,bookHotel,1007056,187.52,0.004362,837554,Success
2021-06-23 01:50:34,bookHotel,22619,51.51,0.01881,937296,Success
2025-06-28 14:31:44,bookHotel,482161,117.39,0.044465,1031944,Failed
2024-10-31 02:44:49,bookHotel,544664,31.11,0.039058,477932,Failed
2022-11-10 04:33:40,bookHotel,1211013,182.97,0.010314,199066,Failed
2024-01-09 13:18:48,bookHotel,681499,12.86,0.005558,209871,Failed
2021-11-14 22:18:51,bookHotel,81841,65.31,0.025843,1013815,Failed
2021-06-12 11:42:01,bookHotel,1477280,104.5,0.032148,760441,Failed
2025-05-13 09:49:43,bookHotel,960663,90.49,0.036276,1046732,Failed
2025-11-25 17:12:00,bookHotel,1090403,71.85,0.037011,255741,Failed
2023-02-26 11:44:14,bookHotel,165872,117.38,0.012958,1457376,Failed
2022-12-03 09:46:07,bookHotel,846072,117.32,0.031903,255747,Failed
2021-01-15 03:54:05,bookHotel,349428,144.15,0.006123,470647,Success
2021-02-07 00:51:59,bookHotel,886817,124.81,0.015451,661161,Failed
2021-06-08 03:45:52,bookHotel,1073307,83.19,0.013172,703963,Success
2022-02-01 07:24:00,bookHotel,305466,16.7,0.018473,774270,Failed
2020-07-26 03:19:38,bookHotel,67693,76.41,0.020447,297378,Success
2025-05-10 03:16:50,bookHotel,358771,157.25,0.0256,895474,Failed
2023-02-17 22:05:24,bookHotel,757930,199.49,0.035542,953779,Failed
2023-04-17 02:56:02,bookHotel,1369625,160.94,0.017054,69325,Failed
2024-11-29 21:31:08,bookHotel,1254389,193.8,0.030989,680472,Success
2023-11-07 02:35:45,bookHotel,460917,45.41,0.037694,277417,Failed
2020-02-13 16:14:54,bookHotel,1398047,14.6,0.006817,249089,Failed
2025-06-07 20:53:39,bookHotel,1222346,71.94,0.046008,139853,Success
2025-02-14 09:11:44,bookHotel,1043367,18.49,0.033111,555039,Success
2020-12-25 14:57:02,bookHotel,1216389,10.23,0.021457,516244,Failed
2020-04-05 22:27:30,bookHotel,282443,184.58,0.016385,1134923,Success
2022-12-13 15:02:12,bookHotel,162769,59.37,0.002526,1197582,Failed
2025-04-23 06:27:34,bookHotel,248741,146.46,0.036332,679474,Failed
2025-05-21 22:31:24,bookHotel,990447,171.64,0.007447,1033529,Success
2024-06-08 15:22:25,bookHotel,1448572,155.66,0.013937,1361425,Success
2021-05-12 14:09:55,bookHotel,1054117,121.37,0.048173,460164,Failed
2021-04-02 22:46:41,bookHotel,287318,36.48,0.004628,1354513,Failed
2023-01-25 09:40:42,bookHotel,1269690,79.08,0.006001,419188,Failed
2022-12-16 13:58:40,bookHotel,429718,114.55,0.033807,1084014,Success
2025-03-10 21:14:15,bookHotel,1387093,58.04,0.045653,644812,Success
2022-06-26 22:12:25,bookHotel,115258,101.56,0.040376,88051,Success
2022-01-16 05:47:17,bookHotel,1314884,53.51,0.008123,1293314,Success
2022-11-29 18:45:27,bookHotel,922514,90.13,0.0497,58273,Failed
2024-09-28 05:17:17,bookHotel,75332,153.11,0.043059,1028014,Failed
2022-11-29 11:09:18,bookHotel,1262961,94.1,0.048986,1135833,Success
2025-10-04 06:14:26,bookHotel,1409473,127.01,0.027831,232140,Success
2022-05-29 06:49:16,bookHotel,317528,14.63,0.007368,411439,Success
2022-11-05 18:11:45,bookHotel,667203,11.07,0.032041,768852,Failed
2020-02-21 22:17:28,bookHotel,736671,86.78,0.030639,900913,Failed
2021-07-19 01:18:45,bookHotel,967965,87.46,0.035237,1414183,Success
2022-09-03 09:49:13,bookHotel,470512,164.61,0.04722,638682,Failed
2022-09-10 10:33:02,bookHotel,1086300,85.17,0.032831,1117525,Success
2022-08-28 05:49:13,bookHotel,537538,84.26,0.002159,481263,Success
2023-08-30 11:56:54,bookHotel,89094,52.46,0.007192,98640,Success
2023-10-28 03:08:52,bookHotel,221229,70.58,0.020263,861383,Success
2021-06-25 21:21:13,bookHotel,1303283,2.01,0.00543,84055,Success
2020-04-07 20:09:32,bookHotel,767978,142.0,0.015188,271148,Failed
2021-04-07 20:59:14,bookHotel,446631,7.66,0.043733,173880,Success
2022-10-18 00:45:36,bookHotel,1183696,95.23,0.039623,370009,Success
2021-03-27 00:56:48,bookHotel,404895,11.14,0.029141,852520,Success
2023-02-12 13:07:11,bookHotel,968831,10.18,0.025852,1161680,Success
2022-09-12 10:25:15,bookHotel,1488120,169.01,0.006215,738642,Failed
2023-02-02 04:01:10,bookHotel,912709,67.76,0.00997,1450763,Success
2023-12-21 05:03:00,bookHotel,1121961,139.84,0.030017,782819,Failed
2021-12-27 00:20:28,bookHotel,1486743,183.15,0.02404,804187,Success
2022-07-15 00:36:09,bookHotel,1370683,78.77,0.008484,1129170,Failed
2022-05-04 09:36:54,bookHotel,119429,51.75,0.016233,874617,Success
2025-09-04 03:25:29,bookHotel,1400212,47.42,0.019496,300394,Failed
2024-12-07 14:51:34,bookHotel,610087,12.38,0.012586,919235,Success
2022-04-09 14:15:47,bookHotel,809826,102.46,0.004867,95741,Failed
2022-11-16 09:05:09,bookHotel,1160629,29.91,0.018666,590665,Success
2023-12-18 04:55:46,bookHotel,1418019,17.12,0.003884,116893,Failed
2022-04-28 22:39:34,bookHotel,43105,169.27,0.029338,65630,Success
2024-05-17 03:52:44,bookHotel,1110061,177.1,0.023947,1127984,Success
2021-08-29 01:20:55,bookHotel,405784,9.09,0.009496,229390,Success
2021-10-14 01:25:32,bookHotel,1176508,58.21,0.030714,812058,Failed
2023-10-16 22:02:23,bookHotel,146885,3.74,0.00098,545714,Failed
2025-10-23 19:53:13,bookHotel,1108859,180.62,0.040937,592513,Success
2021-09-08 02:26:51,bookHotel,1231796,30.08,0.031724,731307,Success
2024-10-25 05:03:53,bookHotel,40312,111.54,0.037785,265254,Failed
2024-01-10 13:59:22,bookHotel,1136766,185.29,0.045772,650665,Success
2025-10-13 10:06:38,bookHotel,62097,147.52,0.015287,73192,Success
2025-02-24 14:04:14,bookHotel,1313504,170.31,0.020128,1099339,Success
2023-06-01 10:58:52,bookHotel,21539,175.02,0.005584,1421831,Failed
2023-10-28 23:57:12,bookHotel,214017,5.58,0.026424,153560,Failed
2020-10-03 23:45:30,bookHotel,846364,66.35,0.027666,1488268,Failed
2020-07-22 12:28:44,bookHotel,588876,129.83,0.016582,231388,Failed
2022-07-28 08:33:33,bookHotel,1391785,34.94,0.031625,649449,Failed
2022-09-19 02:19:16,bookHotel,827146,101.38,0.015578,632141,Failed
2020-01-08 00:13:25,bookHotel,22594,174.6,0.009668,1297992,Success
2023-09-06 10:55:54,bookHotel,102355,113.39,0.018025,507945,Failed
2023-07-10 13:50:29,bookHotel,1487751,6.78,0.000625,468979,Failed
2023-03-20 02:44:20,bookHotel,147758,98.36,0.02329,671004,Failed
2023-12-11 15:51:49,bookHotel,726257,150.98,0.017585,226135,Success
2022-11-28 02:31:56,bookHotel,1406206,179.42,0.026726,511885,Success
2024-12-27 12:52:02,bookHotel,445884,151.16,0.028845,1416997,Success
2024-02-08 00:46:34,bookHotel,580109,33.33,0.03346,342538,Success
2024-07-31 17:33:12,bookHotel,1196517,185.67,0.005162,1327902,Success
2024-02-11 01:18:20,bookHotel,1442106,25.47,0.03182,1286470,Success
2025-08-18 15:32:18,bookHotel,340667,181.71,0.016791,1393246,Success
2023-03-06 02:36:31,bookHotel,885709,95.14,0.04168,520956,Failed
2024-07-05 02:58:40,bookHotel,86831,146.45,0.043547,569509,Success
2023-09-24 18:56:18,bookHotel,485291,137.5,0.007989,1235275,Success
2023-08-11 03:28:01,bookHotel,450651,55.01,0.029829,496259,Failed
2025-10-01 17:29:01,bookHotel,1157678,78.32,0.004557,1472369,Success
2020-03-07 04:28:36,bookHotel,594206,40.76,0.001359,275026,Failed
2024-03-16 01:02:00,bookHotel,751716,157.57,0.012034,60688,Success
2021-07-19 16:45:44,bookHotel,827338,88.93,0.026177,842847,Failed
2022-07-06 15:19:39,bookHotel,1075800,165.66,0.032878,919044,Success
2022-10-13 13:15:58,bookHotel,1346315,195.92,0.009527,538251,Failed
2024-11-09 03:44:13,bookHotel,674123,80.4,0.016646,249808,Success
2020-04-10 06:10:33,bookHotel,550356,103.62,0.022253,538222,Success
2021-12-26 04:37:59,bookHotel,1161518,60.82,0.036844,108455,Success
2020-12-28 22:32:29,bookHotel,330589,44.41,0.020437,905983,Failed
2024-04-09 20:43:48,bookHotel,1018093,52.73,0.002798,717471,Success
2023-09-16 21:49:22,bookHotel,1227286,162.04,0.043369,609384,Success
2022-12-25 05:54:43,bookHotel,326728,133.4,0.005658,477715,Success
2025-02-15 20:38:43,bookHotel,35043,50.03,0.01934,990512,Success
2021-11-14 01:01:57,bookHotel,303249,3.75,0.021517,734514,Failed
2024-09-17 02:51:59,bookHotel,1323401,121.22,0.011753,81690,Failed
2023-01-25 04:14:09,bookHotel,845634,183.95,0.047769,410351,Failed
2021-07-12 11:36:00,bookHotel,552071,137.28,0.029184,1321882,Failed
2023-05-01 14:01:38,bookHotel,295678,62.89,0.037045,780111,Failed
2020-12-01 08:36:07,bookHotel,1127656,160.93,0.019475,392285,Success
2021-08-14 05:26:29,bookHotel,809596,63.59,0.027327,163266,Failed
2025-05-21 19:01:21,bookHotel,705970,88.8,0.000512,114411,Success
2021-01-01 02:32:25,bookHotel,287592,49.26,0.041353,112707,Success
2025-02-25 01:02:40,bookHotel,974345,41.35,0.032744,1016166,Failed
2022-10-09 12:23:15,bookHotel,1452534,31.43,0.039769,41664,Success
2025-01-22 22:07:06,bookHotel,1155060,76.3,0.004428,771261,Failed
2025-08-14 12:51:32,bookHotel,227175,114.32,0.0044,105845,Failed
2025-07-20 12:09:37,bookHotel,1271561,60.08,0.023489,127118,Success
2022-03-30 15:36:13,bookHotel,855804,143.61,0.03108,1292800,Failed
2021-07-01 23:35:57,bookHotel,247418,119.82,0.003663,230278,Failed
2023-07-05 02:32:26,bookHotel,1236978,119.53,0.037368,1022231,Success
2022-02-19 20:48:52,bookHotel,836674,81.33,0.026192,236901,Failed
2023-12-23 07:30:46,bookHotel,623196,104.16,0.019658,585539,Failed
2024-08-05 06:53:27,bookHotel,203171,71.45,0.025736,1397328,Success
2021-12-12 21:03:02,bookHotel,205212,199.84,0.001688,1437892,Failed
2021-05-23 14:55:39,bookHotel,726336,55.97,0.045551,1334605,Failed
2021-05-14 04:42:15,bookHotel,896951,170.04,0.026821,1224322,Failed
2025-12-01 04:09:40,bookHotel,82402,60.08,0.013835,356256,Success
2020-01-04 10:17:35,bookHotel,262646,35.85,0.03945,565517,Failed
2021-01-28 12:04:34,bookHotel,835952,34.56,0.009814,1486445,Failed
2021-11-06 07:26:59,bookHotel,877451,90.44,0.011303,710021,Success
2025-05-31 19:13:25,bookHotel,979482,43.06,0.044236,529621,Failed
2021-10-06 18:46:20,bookHotel,598033,159.41,0.030565,1053543,Failed
2023-12-06 07:00:18,bookHotel,986511,21.21,0.015182,377711,Failed
2025-01-17 19:47:50,bookHotel,502475,145.41,0.023246,409341,Failed
2024-10-09 05:17:42,bookHotel,1230223,85.82,0.010101,1163692,Failed
2021-07-21 12:57:28,bookHotel,1183988,126.51,0.004451,276916,Failed
2024-12-23 16:03:54,bookHotel,251845,70.81,0.022875,1339314,Failed
2025-03-05 00:10:58,bookHotel,1053076,48.61,0.005722,1119553,Failed
2024-04-04 07:52:11,bookHotel,834877,16.92,0.002466,457076,Success
2024-09-01 04:31:41,bookHotel,1163602,124.84,0.040526,1395116,Failed
2021-11-11 02:07:35,bookHotel,1322640,121.67,0.036041,1093283,Failed
2024-11-01 04:48:37,bookHotel,808097,87.45,0.028283,1235076,Success
2024-07-11 22:23:12,bookHotel,830409,56.04,0.020777,983074,Failed
2025-02-01 01:49:53,bookHotel,1118841,122.64,0.020255,224991,Failed
2023-05-19 23:35:49,bookHotel,226265,116.13,0.000956,213647,Failed
2023-02-13 22:09:04,bookHotel,1309515,54.6,0.027884,1111088,Failed
2021-08-27 22:43:38,bookHotel,624167,136.61,0.042005,1170061,Success
2021-09-14 20:23:37,bookHotel,1172715,125.71,0.049604,1008957,Failed
2022-04-29 01:01:51,bookHotel,779784,143.74,0.000579,77601,Failed
2023-11-16 13:19:31,bookHotel,416739,87.74,0.010909,1457338,Failed
2023-11-12 11:09:32,bookHotel,906350,195.25,0.004034,708628,Failed
2021-06-21 04:58:31,bookHotel,1093553,69.0,0.018767,1151932,Failed
2021-02-01 01:24:56,bookHotel,1339026,114.74,0.002315,1052204,Success
2023-11-27 15:32:34,bookHotel,1184939,43.44,0.035063,795661,Failed
2020-05-02 00:33:21,bookHotel,293231,77.16,0.037543,1004360,Success
2024-09-26 17:59:51,bookHotel,484842,2.29,0.00859,1201904,Failed
2023-10-16 05:52:51,bookHotel,643055,167.64,0.03829,22296,Failed
2022-11-05 18:53:54,bookHotel,316279,51.73,0.006562,700355,Success
2020-09-01 12:13:12,bookHotel,790273,46.23,0.021405,918514,Failed
2020-06-11 03:00:52,bookHotel,945111,179.56,0.02689,745833,Success
2021-11-11 16:19:10,bookHotel,227192,53.48,0.038798,1223919,Failed
2025-07-17 18:25:58,bookHotel,313999,132.77,0.019978,449303,Failed
2020-07-31 17:21:15,bookHotel,289583,79.22,0.028076,1136365,Success
2023-05-20 01:20:25,bookHotel,1089639,132.04,0.044438,1067839,Failed
2024-06-15 14:30:08,bookHotel,712761,17.29,0.029313,689982,Failed
2020-05-22 19:22:09,bookHotel,65073,167.93,0.022098,900345,Success
2023-11-10 02:01:22,bookHotel,1451039,34.94,0.048642,1164249,Success
2021-05-30 08:59:32,bookHotel,833468,109.28,0.049878,136953,Failed
2025-09-27 01:16:24,bookHotel,1494600,156.62,0.042159,295894,Failed
2025-08-17 10:00:10,bookHotel,874017,166.98,0.005068,754485,Failed
2023-07-19 15:04:01,bookHotel,1101411,128.63,0.03038,943757,Success
2022-08-12 07:28:53,bookHotel,565642,114.75,0.006951,52199,Failed
2021-06-09 18:33:33,bookHotel,1288961,178.27,0.039191,1063721,Success
2022-12-10 14:53:10,bookHotel,1309110,39.78,0.012584,85448,Success
2022-09-09 04:27:27,bookHotel,1368116,131.66,0.028029,1019333,Failed
2022-01-16 18:57:30,bookHotel,848633,75.7,0.02164,922631,Success
2022-04-04 22:59:28,bookHotel,1142446,31.63,0.003148,592916,Failed
2020-04-04 20:46:19,bookHotel,942782,59.5,0.033669,1108281,Success
2024-09-15 17:57:47,bookHotel,548719,38.27,0.043302,1127622,Success
2023-01-10 22:30:38,bookHotel,1354602,24.77,0.041369,1175865,Failed
2023-02-19 18:28:47,bookHotel,122287,134.58,0.019366,1122037,Failed
2021-05-19 22:14:10,bookHotel,1055823,199.59,0.005866,703704,Success
2023-07-03 19:02:54,bookHotel,1391313,193.33,0.004092,271179,Success
2023-08-11 01:05:35,bookHotel,600424,160.45,0.046254,668406,Success
2024-04-05 00:00:43,bookHotel,789129,111.84,0.025597,877994,Success
2020-08-06 02:47:33,bookHotel,1129993,178.25,0.049879,272289,Success
2020-11-29 14:40:56,bookHotel,605640,162.34,0.003775,1418274,Failed
2024-02-27 06:03:34,bookHotel,965137,4.71,0.037872,1198794,Failed
2020-09-08 07:28:47,bookHotel,1064390,130.14,0.003127,1384162,Failed
2021-10-13 08:29:13,bookHotel,856438,88.59,0.000122,478584,Success
2020-07-11 00:33:29,bookHotel,264936,90.4,0.009328,1342676,Success
2021-01-10 07:03:10,bookHotel,833434,120.26,0.025027,1482689,Success
2023-06-23 02:25:59,bookHotel,1184800,26.31,0.043177,1171065,Success
2024-09-12 13:34:36,bookHotel,1474181,112.4,0.025878,1024882,Success
2022-04-05 21:14:13,bookHotel,579981,168.02,0.045497,584894,Success
2025-12-06 11:34:54,bookHotel,612508,135.49,0.005993,324434,Success
2022-04-09 21:29:04,bookHotel,1487423,74.84,0.04282,212668,Failed
2022-03-13 10:06:17,bookHotel,1393048,180.78,0.01602,1357345,Failed
2020-05-30 12:21:35,bookHotel,735212,117.41,0.04521,39205,Failed
2020-02-14 00:02:14,bookHotel,882831,141.95,0.044152,727749,Failed
2020-11-19 20:49:19,bookHotel,1449449,24.44,0.019355,975539,Failed
2025-12-16 06:00:59,bookHotel,1006188,181.6,0.03595,949079,Success
2025-02-07 17:49:01,bookHotel,1272328,162.17,0.047213,118371,Failed
2024-10-26 21:31:33,bookHotel,209986,7.0,0.028668,653799,Failed
2022-04-09 02:11:18,bookHotel,1105074,145.42,0.039494,1423488,Success
2022-10-18 20:06:58,bookHotel,158368,102.44,0.034231,1108408,Success
2025-09-01 05:24:05,bookHotel,935343,147.87,0.002629,1139342,Success
2020-03-08 13:22:03,bookHotel,840499,46.39,0.000414,864513,Success
2025-12-02 23:24:22,bookHotel,1121658,73.65,0.001462,706601,Success
2025-11-17 03:50:39,bookHotel,1097778,107.63,0.015296,971513,Success
2020-09-15 21:48:23,bookHotel,388404,154.19,0.040207,31402,Success
2025-08-04 03:58:10,bookHotel,701491,3.71,0.015002,175673,Failed
2025-02-21 04:44:08,bookHotel,1090370,121.91,0.045227,225370,Failed
2025-06-25 19:56:49,bookHotel,361349,147.74,0.004503,487531,Failed
2020-01-10 08:02:46,bookHotel,754526,158.08,0.046359,421542,Success
2024-08-30 00:17:58,bookHotel,664670,37.06,0.020429,1035564,Failed
2022-05-25 07:34:52,bookHotel,635361,198.85,0.033275,1446584,Success
2024-07-22 03:12:46,bookHotel,1091017,182.56,0.04874,1299206,Failed
2021-05-11 01:21:02,bookHotel,1310191,95.04,0.016888,1132005,Failed
2022-06-29 09:53:45,bookHotel,141836,188.71,0.009833,1182556,Success
2024-09-09 02:56:51,bookHotel,1385004,151.32,0.04842,620364,Success
2020-12-06 17:01:17,bookHotel,73497,26.85,0.008588,1463002,Failed
2022-07-16 09:03:47,bookHotel,367331,8.54,0.037022,209798,Failed
2023-06-22 09:05:49,bookHotel,1226780,81.78,0.047856,956364,Failed
2025-02-02 10:15:56,bookHotel,1371099,138.94,0.025472,1388594,Success
2022-10-17 02:13:16,bookHotel,125747,186.75,0.007828,1299166,Success
2025-02-15 00:09:53,bookHotel,1436104,104.21,0.017469,1012598,Success
2025-01-03 15:28:43,bookHotel,1110403,101.95,0.003792,1331162,Success
2020-08-26 01:48:24,bookHotel,1317324,144.93,0.046718,343328,Failed
2023-05-22 03:18:03,bookHotel,589193,191.08,0.031379,1336257,Failed
2021-02-20 11:38:05,bookHotel,788754,72.4,0.037327,1489646,Failed
2024-02-08 06:25:27,bookHotel,655732,147.78,0.02781,509461,Success
2020-06-29 20:30:22,bookHotel,616251,135.44,0.049675,1309086,Success
2023-06-24 01:28:15,bookHotel,829097,166.4,0.030575,1488067,Failed
2022-07-19 17:41:50,bookHotel,791934,25.72,0.042578,1402227,Success
2022-03-01 13:56:05,bookHotel,1099146,92.77,0.02305,805255,Failed
2025-06-09 14:46:25,bookHotel,1005847,23.11,0.031453,378586,Success
2023-10-05 06:43:08,bookHotel,981934,127.18,0.001018,125252,Success
2023-10-07 18:13:02,bookHotel,309274,18.23,0.00912,902627,Success
2024-02-14 10:56:20,bookHotel,629629,180.43,0.026769,60279,Failed
2020-07-17 02:00:09,bookHotel,953283,144.19,0.019589,360072,Success
2024-11-04 16:05:35,bookHotel,825973,20.93,0.024744,1399240,Success
2025-03-05 15:29:10,bookHotel,1104783,158.31,0.022956,526214,Failed
2022-03-05 19:13:50,bookHotel,892115,118.23,0.01825,710770,Success
2025-08-20 02:31:28,bookHotel,755598,180.52,0.021122,1208237,Failed
2024-04-06 07:42:07,bookHotel,422700,89.9,0.001287,1408965,Failed
2024-09-05 03:30:21,bookHotel,358870,66.1,0.029308,69409,Failed
2022-09-11 03:01:47,bookHotel,1361212,36.64,0.035403,283244,Success
2025-08-31 16:47:31,bookHotel,880624,38.92,0.006287,938616,Failed
2024-06-27 23:57:00,bookHotel,296760,115.53,0.04582,507063,Failed
2024-12-29 21:38:53,bookHotel,818216,96.79,0.002901,613353,Success
2023-04-25 11:14:45,bookHotel,997918,146.5,0.049913,31789,Failed
2023-11-23 23:47:38,bookHotel,500535,164.99,0.049223,1148898,Success
2022-09-03 18:51:59,bookHotel,568655,88.75,0.012125,843177,Success
2024-11-13 19:59:21,bookHotel,1248702,49.65,0.006595,216388,Failed
2025-02-26 01:11:49,bookHotel,1417564,53.93,0.048453,168722,Success
2022-07-16 22:23:15,bookHotel,1392753,14.19,0.025669,603917,Success
2022-03-10 08:39:57,bookHotel,249815,17.71,0.015055,338604,Failed
2023-05-26 03:57:10,bookHotel,1376233,28.73,0.019068,1195738,Failed
2022-01-11 12:02:24,bookHotel,1230562,116.08,0.002222,58460,Failed
2021-09-06 14:14:39,bookHotel,33070,53.77,0.002289,387125,Success
2020-08-23 17:35:08,bookHotel,1390569,162.01,0.030775,1110081,Success
2023-12-30 01:04:39,bookHotel,77140,138.46,0.030782,613422,Failed
2023-07-21 15:20:09,bookHotel,884294,38.97,0.032422,373379,Failed
2023-08-04 02:40:05,bookHotel,1367923,89.94,0.012586,1315422,Failed
2024-09-08 04:48:29,bookHotel,958237,144.21,0.046835,1448968,Success
2024-03-06 15:21:31,bookHotel,1352703,80.48,0.023308,494593,Success
2020-02-26 23:03:49,bookHotel,391325,174.13,0.027398,278692,Failed
2023-04-03 18:11:11,bookHotel,133668,47.25,0.001382,205874,Failed
2024-11-16 18:52:47,bookHotel,249758,1.79,0.035554,205727,Success
2023-04-02 13:48:37,bookHotel,1042363,165.54,0.01282,540169,Failed
2020-07-02 07:10:00,bookHotel,557095,162.14,0.014519,59505,Failed
2024-03-08 19:56:21,bookHotel,397127,136.57,0.04566,903465,Success
2023-05-19 00:08:14,bookHotel,235126,78.88,0.039571,677923,Success
2021-04-01 13:46:07,bookHotel,1296490,191.46,0.004742,1082109,Failed
2022-01-16 11:39:43,bookHotel,190898,74.56,0.027519,1181568,Failed
2023-06-07 17:17:29,bookHotel,176454,116.07,0.01264,435207,Success
2024-07-21 15:32:47,bookHotel,721088,136.11,0.026566,1107158,Success
2021-03-15 02:48:14,bookHotel,1285099,31.77,0.02685,1138656,Success
2024-03-09 09:13:56,bookHotel,428213,30.69,0.018624,717206,Failed
2024-05-30 19:15:42,bookHotel,786865,172.59,0.018467,885067,Failed
2024-12-03 15:30:31,bookHotel,53120,98.7,0.020388,542801,Success
2021-10-24 09:57:37,bookHotel,255438,128.89,0.024664,814918,Failed
2023-02-12 13:49:53,bookHotel,1309803,111.16,0.002645,700737,Success
2024-03-13 22:32:21,bookHotel,1303490,146.95,0.008533,1015636,Failed
2022-05-11 17:10:33,bookHotel,483183,30.07,0.009931,767276,Failed
2024-07-25 02:21:27,bookHotel,154421,144.17,0.017849,590495,Success
2023-10-13 10:46:36,bookHotel,597310,106.15,0.022614,1372353,Success
2021-05-26 23:43:02,bookHotel,790512,31.63,0.033914,823475,Failed
2020-05-07 10:18:21,bookHotel,1423511,104.86,0.032729,1031955,Success
2022-03-28 05:03:29,bookHotel,466498,161.92,0.030563,93161,Failed
2021-05-30 09:37:56,bookHotel,706489,151.69,0.03234,1022360,Failed
2022-12-09 09:20:23,bookHotel,632471,25.34,0.049619,413601,Success
2025-10-26 03:15:06,bookHotel,258463,24.31,0.005167,240492,Failed
2025-07-19 13:05:17,bookHotel,552998,110.35,0.040973,457461,Success
2025-09-29 01:18:58,bookHotel,374152,162.38,0.018641,1020323,Success
2023-10-29 11:39:46,bookHotel,676136,52.43,0.028252,788164,Success
2025-03-25 08:05:14,bookHotel,828999,37.19,0.00551,774111,Failed
2020-06-07 07:51:27,bookHotel,1219245,148.56,0.019264,356372,Success
2023-03-24 13:57:46,bookHotel,1081034,12.68,0.018383,1044337,Failed
2024-02-09 03:32:40,bookHotel,1148971,106.38,0.013188,554809,Failed
2020-12-07 17:42:24,bookHotel,721509,24.32,0.012662,403915,Success
2025-03-09 18:35:09,bookHotel,1117448,84.85,0.006871,1076410,Failed
2022-12-20 16:30:58,bookHotel,1378481,114.24,0.044147,832813,Success
2022-02-25 10:35:20,bookHotel,549524,151.48,0.030006,716169,Success
2022-11-07 08:47:35,bookHotel,916337,57.69,0.002065,169277,Failed
2022-07-07 18:38:45,bookHotel,982708,109.88,0.038905,63275,Success
2022-02-25 15:47:39,bookHotel,1486213,68.75,0.044407,875229,Failed
2025-04-07 12:57:08,bookHotel,224842,188.83,0.01218,437899,Success
2021-07-27 04:15:13,bookHotel,1305989,195.65,0.029447,1271119,Success
2025-04-06 12:12:57,bookHotel,1268939,135.84,0.038182,172170,Success
2024-01-13 17:33:17,bookHotel,340126,6.0,0.030867,870733,Success
2020-12-03 04:52:23,bookHotel,1389072,101.99,0.044436,1134210,Failed
2025-09-03 08:57:55,bookHotel,364654,180.15,0.045224,145501,Success
2023-12-31 04:12:17,bookHotel,295196,92.18,0.008527,311670,Failed
2022-05-22 12:09:01,bookHotel,355483,40.69,0.047149,1358524,Success
2021-03-24 13:19:28,bookHotel,873032,26.5,0.011593,914733,Failed
2022-10-19 08:04:02,bookHotel,926218,5.74,0.009468,191317,Success
2025-08-27 23:08:15,bookHotel,807556,134.03,0.043283,1307671,Failed
2023-02-12 16:20:23,bookHotel,94164,52.6,0.046897,45329,Failed
2020-04-05 00:25:20,bookHotel,1317815,85.55,0.040793,534161,Success
2020-05-01 17:46:39,bookHotel,409237,16.35,0.005786,1054996,Failed
2021-06-06 19:08:13,bookHotel,1241713,193.36,0.019043,803878,Failed
2024-06-23 00:27:17,bookHotel,550521,49.89,0.004848,561858,Success
2023-02-21 02:20:45,bookHotel,1085743,110.96,0.007039,944461,Success
2020-08-14 21:06:34,bookHotel,718184,148.28,0.013799,1165163,Failed
2023-11-17 08:11:51,bookHotel,579575,98.55,0.019767,242132,Success
2020-03-29 01:59:16,bookHotel,173153,156.96,0.041211,1160573,Success
2025-10-15 00:45:57,bookHotel,576733,61.56,0.035005,208848,Success
2024-04-09 19:44:17,bookHotel,1347963,77.74,0.033327,649968,Failed
2023-09-18 16:39:37,bookHotel,1044257,94.94,0.029557,263226,Failed
2022-11-12 11:18:24,bookHotel,309871,160.67,0.015434,442389,Failed
2024-12-01 14:59:30,bookHotel,1124145,13.75,0.033298,665836,Failed
2021-10-19 01:10:34,bookHotel,152406,161.25,0.04266,150809,Failed
2021-02-25 10:07:48,bookHotel,1174241,92.07,0.012638,220256,Success
2024-12-19 01:01:44,bookHotel,486984,175.29,0.026365,291781,Failed
2024-09-08 22:28:49,bookHotel,1127531,91.92,0.039134,396639,Failed
2021-03-27 21:04:28,bookHotel,313438,11.46,0.040007,867565,Success
2024-04-07 13:58:49,bookHotel,109359,138.88,0.035648,869974,Success
2024-12-28 23:16:24,bookHotel,1495025,118.45,0.014583,344858,Success
2024-11-01 23:32:28,bookHotel,920251,163.83,0.029285,214376,Success
2025-08-12 14:13:09,bookHotel,269144,24.72,0.047074,888548,Success
2021-05-24 00:15:29,bookHotel,618718,185.21,0.003674,842550,Success
2020-05-05 08:56:39,bookHotel,317798,164.03,0.046945,292481,Failed
2023-05-12 11:50:02,bookHotel,708955,192.21,0.021693,271552,Success
2020-12-18 12:06:25,bookHotel,902592,163.29,0.039134,534555,Success
2023-12-11 16:47:22,bookHotel,1102556,157.31,0.042762,943012,Success
2023-03-26 11:32:25,bookHotel,958380,81.24,0.015964,1357594,Success
2025-02-10 10:53:41,bookHotel,1332016,190.43,0.029719,802340,Success
2020-02-08 04:39:01,bookHotel,913043,105.67,0.042114,768529,Success
2023-04-23 05:04:13,bookHotel,692030,108.98,0.029569,798431,Success
2023-02-08 03:53:45,bookHotel,1018152,90.53,0.03938,676814,Failed
2022-03-20 01:51:22,bookHotel,1418447,20.85,0.026537,664185,Failed
2020-09-17 10:03:10,bookHotel,507447,79.34,0.018402,689096,Failed
2023-01-05 04:09:45,bookHotel,137613,146.23,0.038987,972209,Failed
2021-01-05 16:37:18,bookHotel,1138248,44.55,0.01347,1258916,Success
2024-04-05 06:23:28,bookHotel,334216,89.67,0.048349,992020,Failed
2020-04-17 13:18:00,bookHotel,1050215,123.53,0.031593,884056,Success
2025-07-04 17:45:59,bookHotel,67926,14.34,0.013399,1181284,Success
2021-01-05 09:20:38,bookHotel,1066827,123.24,0.037597,65666,Failed
2024-05-24 17:32:26,bookHotel,274296,70.13,0.045216,379434,Failed
2022-04-11 11:04:35,bookHotel,1380788,21.56,0.038493,1475305,Failed
2025-04-06 22:49:49,bookHotel,213823,114.6,0.028954,550466,Success
2021-07-17 06:08:57,bookHotel,1325829,119.92,0.009483,1321010,Success
2024-01-04 11:37:22,bookHotel,60963,125.67,0.019787,646251,Failed
2022-04-28 07:19:43,bookHotel,172138,155.93,0.043752,927353,Success
2025-10-23 08:34:27,bookHotel,276078,169.92,0.025614,889181,Success
2022-07-08 12:19:06,bookHotel,103301,14.15,0.033231,937985,Failed
2023-03-22 16:53:00,bookHotel,829953,79.93,0.042174,528095,Failed
2024-04-24 15:35:15,bookHotel,808763,35.23,0.032851,417792,Success
2020-10-09 13:55:36,bookHotel,1139699,120.21,0.015295,25448,Success
2023-08-04 09:43:37,bookHotel,1312317,96.91,0.046462,991811,Success
2021-08-07 13:44:25,bookHotel,1064978,91.87,0.042446,1409641,Success
2025-03-04 18:34:49,bookHotel,1301462,186.68,0.00069,89969,Failed
2020-12-15 23:46:39,bookHotel,1066774,63.53,0.047174,323031,Success
2023-03-08 16:07:01,bookHotel,1213416,69.04,0.047332,1273853,Success
2023-04-08 12:21:40,bookHotel,423696,183.3,0.024975,275648,Failed
2021-08-26 08:51:02,bookHotel,1246510,46.05,0.004804,586738,Success
2022-01-27 05:33:26,bookHotel,173964,102.99,0.013783,686004,Success
2023-08-01 16:16:13,bookHotel,849563,60.04,0.030839,1323998,Success
2022-12-24 21:07:12,bookHotel,292683,144.57,0.02247,314791,Failed
2024-06-26 05:14:21,bookHotel,337775,101.96,0.038886,916505,Failed
2025-02-26 23:55:15,bookHotel,117034,15.25,0.033753,562052,Failed
2025-02-09 13:00:45,bookHotel,291540,31.65,0.043131,847959,Failed
2023-09-02 21:22:29,bookHotel,1079489,103.84,0.016697,345396,Success
2021-10-07 07:36:13,bookHotel,1203029,96.79,0.036227,171123,Success
2023-08-13 07:04:38,bookHotel,200815,24.37,0.016181,144001,Success
2024-08-23 00:15:18,bookHotel,1237102,39.69,0.034234,220914,Success
2023-07-19 12:32:17,bookHotel,1285953,33.86,0.024445,471910,Success
2021-07-25 14:00:07,bookHotel,1174132,34.57,0.001432,221982,Success
2022-10-05 20:24:25,bookHotel,257756,60.71,0.009658,150284,Failed
2023-09-19 13:25:09,bookHotel,667985,121.64,0.031917,1155663,Success
2022-04-12 17:25:27,bookHotel,340158,188.0,0.005513,1376903,Failed
2023-11-04 10:06:02,bookHotel,620690,153.03,0.000907,1344481,Failed
2022-03-02 19:25:51,bookHotel,134076,104.47,0.045473,13245,Success
2024-03-17 14:11:24,bookHotel,639989,30.53,0.049217,82516,Success
2025-05-22 23:29:54,bookHotel,537059,185.66,0.048793,1355078,Failed
2025-12-03 02:50:05,bookHotel,93979,191.09,0.018001,960100,Failed
2021-06-19 08:36:02,bookHotel,315300,177.03,0.038596,344178,Failed
2024-06-11 02:14:28,bookHotel,1330099,67.38,0.047268,1309173,Success
2025-07-13 09:25:42,bookHotel,1068908,53.22,0.014122,987294,Failed
2024-03-09 12:10:04,bookHotel,1496989,183.71,0.020732,1484820,Success
2020-03-11 11:26:13,bookHotel,87669,39.82,0.02765,276139,Success
2025-01-01 22:46:58,bookHotel,966826,102.83,0.011462,404029,Success
2025-04-04 22:29:50,bookHotel,728475,37.33,0.048302,1381644,Success
2022-05-16 21:08:55,bookHotel,1422017,18.94,0.000178,372029,Failed
2025-08-07 08:47:55,bookHotel,1072048,62.76,0.018789,355452,Failed
2025-08-18 09:05:31,bookHotel,58804,74.08,0.045446,248970,Failed
2023-08-10 18:29:35,bookHotel,1307464,62.95,0.025447,1338842,Success
2021-09-09 05:12:07,bookHotel,1491777,47.01,0.041093,670028,Failed
2022-12-01 16:14:44,bookHotel,1252834,69.14,0.017894,1336308,Failed
2025-05-19 02:49:09,bookHotel,795427,190.88,0.012651,1486273,Failed
2023-07-22 20:45:28,bookHotel,1153568,160.41,0.011514,352789,Failed
2022-05-11 02:44:09,bookHotel,1098416,102.41,0.037053,712370,Failed
2024-08-15 00:36:18,bookHotel,301923,59.97,0.049897,815694,Failed
2025-10-14 11:32:59,bookHotel,1247850,131.12,0.022662,620281,Success
2024-11-16 03:48:39,bookHotel,1363219,43.98,0.039659,683803,Failed
2025-12-13 13:10:52,bookHotel,1055816,120.35,0.041046,151590,Failed
2020-05-01 17:26:54,bookHotel,1216378,83.8,0.014866,231292,Success
2025-12-01 06:47:55,bookHotel,183077,59.16,0.029154,1258673,Success
2020-01-25 11:04:23,bookHotel,609621,13.81,0.032099,1288956,Failed
2023-04-12 06:23:18,bookHotel,964823,8.84,0.006643,1054157,Success
2024-05-01 14:29:43,bookHotel,1068895,37.04,0.000964,1106471,Success
2025-12-29 22:21:02,bookHotel,784255,141.39,0.035178,395409,Success
2024-05-12 19:19:42,bookHotel,196069,36.4,0.010377,907302,Success
2023-04-04 23:27:33,bookHotel,1465795,66.04,0.041651,122734,Success
2022-01-19 13:40:04,bookHotel,1059188,107.53,0.019129,208342,Success
2023-12-30 07:36:24,bookHotel,1261121,19.59,0.009163,883645,Failed
2025-02-17 03:48:05,bookHotel,892468,85.17,0.01156,935946,Failed
2025-12-14 17:21:20,bookHotel,720871,3.2,0.013117,513039,Success
2022-04-28 19:33:22,bookHotel,70562,60.59,0.006876,156251,Success
2021-10-18 09:15:37,bookHotel,326648,2.42,0.004223,757061,Success
2024-04-19 12:40:44,bookHotel,1006384,20.76,0.002466,425622,Success
2024-04-10 21:45:15,bookHotel,1372498,80.76,0.033878,230492,Failed
2021-04-03 15:17:07,bookHotel,671007,177.93,0.034702,995406,Failed
2021-07-02 15:56:18,bookHotel,475742,95.79,0.039508,1319579,Failed
2025-08-23 03:04:04,bookHotel,823813,73.27,0.001848,533561,Failed
2020-03-05 01:54:07,bookHotel,906529,11.83,0.010322,578041,Failed
2020-08-08 10:56:52,bookHotel,820782,97.41,0.019535,1324702,Failed
2022-08-02 03:14:39,bookHotel,848588,118.64,0.049986,1296555,Failed
2022-08-15 04:58:51,bookHotel,146597,142.15,0.016292,956433,Failed
2020-01-06 03:02:06,bookHotel,986872,120.53,0.019653,449428,Failed
2023-06-26 21:13:23,bookHotel,171193,4.02,0.038183,1321901,Failed
2022-09-24 18:56:37,bookHotel,1256722,179.17,0.024296,1431994,Success
2021-08-08 02:02:18,bookHotel,401074,43.58,0.010839,1241431,Failed
2021-02-21 21:22:03,bookHotel,1386955,153.41,0.043162,264476,Failed
2023-04-28 16:59:11,bookHotel,689148,175.18,0.036505,154824,Failed
2025-11-06 03:36:07,bookHotel,956431,124.71,0.006196,738082,Success
2022-09-04 04:22:38,bookHotel,1103125,22.58,0.018543,1386354,Success
2025-08-24 04:49:37,bookHotel,562131,38.34,0.044803,168345,Success
2025-10-22 17:15:33,bookHotel,842437,174.67,0.027657,607138,Failed
2021-05-08 03:06:23,bookHotel,1445867,63.1,0.023866,554592,Failed
2021-08-07 15:22:41,bookHotel,762912,62.28,0.022955,477085,Success
2021-09-08 17:41:30,bookHotel,931885,156.39,0.03164,1270868,Failed
2022-01-12 20:04:39,bookHotel,57379,118.64,0.023498,1429462,Failed
2022-09-10 02:39:24,bookHotel,575792,18.66,0.018051,316663,Failed
2021-04-27 01:38:17,bookHotel,773007,61.71,0.048383,1357791,Failed
2025-08-01 08:36:08,bookHotel,214254,156.84,0.007863,244126,Failed
2021-07-28 14:57:26,bookHotel,1407452,5.16,0.003983,39565,Success
2025-09-14 02:32:00,bookHotel,498761,100.46,0.027291,366534,Success
2025-12-16 18:33:37,bookHotel,983342,152.44,0.039641,1218179,Success
2023-04-25 12:15:53,bookHotel,221056,174.83,0.001017,928839,Failed
2022-06-04 10:23:39,bookHotel,966810,20.84,0.037178,739299,Failed
2023-07-14 12:11:39,bookHotel,1021931,32.58,0.008363,509238,Success
2022-08-26 11:23:22,bookHotel,982303,66.54,0.02974,368607,Success
2024-04-03 00:07:49,bookHotel,1330688,59.66,0.015695,206013,Success
2020-03-13 17:37:44,bookHotel,126683,173.69,0.031617,1232979,Failed
2025-05-06 12:10:25,bookHotel,55733,148.22,0.016601,12254,Failed
2020-12-17 08:31:11,bookHotel,1004215,61.98,0.00512,1348412,Failed
2025-08-11 21:05:46,bookHotel,1037272,84.55,0.025667,158768,Success
2025-01-04 05:59:47,bookHotel,1021562,144.92,0.000315,171810,Failed
2021-02-26 20:57:45,bookHotel,1003370,161.14,0.026192,1360220,Success
2020-02-26 19:51:13,bookHotel,1328349,91.82,0.004293,281923,Success
2021-04-21 23:13:26,bookHotel,1386189,7.69,0.046151,678853,Success
2025-02-08 18:44:03,bookHotel,394639,65.35,0.045542,822773,Success
2024-06-25 11:28:45,bookHotel,824705,35.04,0.023912,1163875,Success
2024-05-27 08:13:24,bookHotel,877698,56.11,0.045582,1219202,Failed
2023-04-20 03:53:04,bookHotel,1338883,131.04,0.014254,1487203,Success
2025-10-21 01:10:21,bookHotel,871587,41.33,0.049769,185563,Failed
2023-03-07 16:29:22,bookHotel,107558,44.5,0.046363,712178,Success
2021-03-21 04:54:16,bookHotel,399403,166.62,0.032947,94323,Failed
2021-08-02 18:52:31,bookHotel,1325093,162.44,0.01578,245630,Failed
2024-02-11 22:09:17,bookHotel,764816,86.32,0.010214,225374,Success
2025-06-18 18:38:40,bookHotel,1247158,151.68,0.019288,1344106,Failed
2021-05-10 13:36:53,bookHotel,384784,130.94,0.032191,468696,Failed
2022-10-19 17:49:25,bookHotel,311287,43.96,0.031469,1246356,Success
2020-08-12 21:58:24,bookHotel,1083579,108.09,0.047755,1215493,Failed
2021-01-08 19:03:55,bookHotel,625554,175.69,0.04319,167376,Success
2022-03-01 05:18:32,bookHotel,596157,68.68,0.00519,673452,Success
2022-01-03 18:37:53,bookHotel,396691,34.2,0.014919,587756,Success
2021-09-27 11:23:31,bookHotel,1374436,171.63,0.004531,336480,Failed
2024-06-21 21:41:36,bookHotel,56850,73.88,0.030589,199965,Success
2022-04-28 03:43:03,bookHotel,121721,16.73,0.008826,246842,Success
2021-08-17 10:53:56,bookHotel,277607,116.94,0.02022,653366,Success
2024-06-27 16:31:54,bookHotel,185211,188.23,0.016333,518294,Failed
2023-02-08 09:12:13,bookHotel,273473,181.8,0.017307,1044246,Success
2023-10-05 11:12:59,bookHotel,1187318,81.41,0.019973,64584,Failed
2025-05-05 09:33:45,bookHotel,1232385,26.44,0.045824,355450,Failed
2020-08-31 17:49:25,bookHotel,726270,58.81,0.001688,458777,Failed
2024-01-12 04:09:56,bookHotel,1277578,114.31,0.000649,1229492,Success
2022-07-15 19:29:55,bookHotel,957027,103.22,0.04885,1161038,Success
2021-04-30 10:29:46,bookHotel,287713,198.69,0.04194,1074878,Failed
2023-10-13 22:42:04,bookHotel,633622,91.13,0.02357,1114776,Failed
2020-10-29 04:39:55,bookHotel,512843,38.55,0.008727,1186015,Failed
2025-01-21 14:58:34,bookHotel,1459366,173.36,0.02365,1108200,Success
2021-11-09 02:31:22,bookHotel,163478,131.95,0.037834,970506,Success
2022-03-06 12:17:10,bookHotel,720148,46.39,0.045537,771877,Success
2022-09-07 08:16:34,bookHotel,792384,113.37,0.030367,814036,Success
2020-06-19 18:36:51,bookHotel,327166,82.99,0.038009,1315441,Success
2024-06-08 04:12:18,bookHotel,1448196,137.86,0.023116,518320,Failed
2023-04-26 07:26:31,bookHotel,191956,94.98,0.012105,1271314,Success
2021-01-15 00:46:27,bookHotel,289669,139.81,0.011167,939233,Failed
2021-03-22 16:03:38,bookHotel,1317648,111.88,0.044986,256885,Failed
2021-04-10 05:00:42,bookHotel,100274,78.99,0.009984,295203,Failed
2024-11-26 10:16:14,bookHotel,426032,161.41,0.030244,45844,Failed
2020-05-09 14:08:59,bookHotel,23813,3.13,0.003487,998718,Failed
2023-11-01 00:48:53,bookHotel,734993,85.36,0.026688,805637,Failed
2022-11-12 08:33:25,bookHotel,1134068,105.57,0.026277,88502,Failed
2022-03-17 00:36:41,bookHotel,438917,5.7,0.012489,548174,Success
2021-09-18 06:55:27,bookHotel,32301,190.52,0.025289,728270,Success
2022-08-31 23:28:58,bookHotel,734632,62.64,0.041695,963060,Failed
2021-06-06 10:57:04,bookHotel,551720,85.55,0.014373,329468,Failed
2025-08-28 03:32:11,bookHotel,426839,117.61,0.006511,467508,Failed
2025-09-08 04:26:53,bookHotel,879517,82.63,0.011358,183936,Failed
2022-01-28 01:43:13,bookHotel,516680,167.47,0.026653,1148870,Failed
2020-07-05 19:59:27,bookHotel,887588,5.92,0.004711,990937,Success
2025-02-15 19:39:08,bookHotel,499709,168.82,0.027464,222802,Success
2021-08-03 06:01:26,bookHotel,1098141,66.49,0.002516,256062,Success
2025-09-04 12:55:10,bookHotel,801930,103.61,0.044282,1026019,Failed
2022-12-11 13:42:27,bookHotel,1313687,74.3,0.005793,538526,Failed
2023-02-02 12:52:55,bookHotel,823374,4.92,0.045533,1402684,Failed
2025-07-21 11:14:59,bookHotel,868160,58.55,0.044985,527578,Success
2025-09-11 12:09:47,bookHotel,41221,184.41,0.034324,507051,Success
2023-12-08 20:07:34,bookHotel,865776,111.03,0.03744,1437835,Failed
2020-12-05 09:07:22,bookHotel,946846,165.25,0.0158,1251695,Success
2022-07-13 15:38:09,bookHotel,90081,94.67,0.045343,441680,Failed
2021-08-11 13:08:44,bookHotel,687975,22.43,0.001624,36687,Success
2023-12-16 18:34:30,bookHotel,514620,172.71,0.006471,546005,Failed
2025-01-01 04:41:07,bookHotel,922648,61.32,0.030119,1428285,Success
2022-01-03 14:10:53,bookHotel,985940,87.38,0.033087,922962,Success
2025-05-28 23:21:31,bookHotel,118577,70.54,0.025975,1440972,Success
2020-03-17 16:11:16,bookHotel,1048142,106.9,0.015571,1171348,Success
2021-07-02 03:34:03,bookHotel,772593,2.56,0.049516,1097294,Success
2023-03-25 11:09:53,bookHotel,467843,88.51,0.029542,1321712,Failed
2025-01-07 19:54:00,bookHotel,327590,140.51,0.013387,70943,Success
2024-11-24 21:26:49,bookHotel,1015484,24.75,0.000341,1174699,Failed
2024-02-16 23:21:26,bookHotel,979792,81.2,0.007565,449794,Success
2021-08-21 19:11:18,bookHotel,975254,140.33,0.004958,115570,Failed
2023-08-06 16:56:57,bookHotel,1488298,153.12,0.026701,178473,Failed
2022-12-24 21:51:48,bookHotel,1309187,4.65,0.004926,1011064,Failed
2020-06-27 06:44:50,bookHotel,1347057,157.34,0.023505,273164,Failed
2023-10-20 18:27:25,bookHotel,33570,96.54,0.019512,1072060,Success
2023-01-08 09:22:45,bookHotel,96777,159.27,0.013745,1385962,Success
2023-05-18 11:16:31,bookHotel,1452467,63.54,0.043553,783339,Failed
2024-05-31 22:54:29,bookHotel,242792,117.26,0.049323,152014,Failed
2024-07-23 02:48:17,bookHotel,1357465,189.76,0.027135,453713,Success
2020-06-19 08:52:05,bookHotel,614734,142.88,0.043172,23489,Failed
2025-12-05 15:28:46,bookHotel,1181380,165.21,0.036788,1169432,Success
2024-03-22 14:41:36,bookHotel,794379,122.57,0.012774,853049,Success
2024-06-27 16:30:19,bookHotel,1223830,171.94,0.022568,357662,Success
2024-11-09 05:02:58,bookHotel,612761,199.88,0.048385,444787,Success
2023-12-14 23:28:34,bookHotel,1129945,188.12,0.030979,435727,Failed
2022-01-04 22:22:15,bookHotel,266062,57.18,0.026311,18557,Success
2023-07-18 08:10:54,bookHotel,156865,6.89,0.033446,991891,Success
2025-10-27 18:44:33,bookHotel,625399,167.17,0.017961,1147300,Success
2021-11-03 23:34:33,bookHotel,1489548,139.38,0.016118,409281,Failed
2020-04-29 08:38:34,bookHotel,943806,117.98,0.032681,607081,Failed
2024-07-18 01:09:41,bookHotel,1191591,121.25,0.020537,85647,Failed
2020-11-01 21:12:53,bookHotel,659836,90.63,0.044672,605448,Failed
2021-09-23 02:35:04,bookHotel,1475002,59.68,0.043615,816978,Failed
2025-01-11 07:27:11,bookHotel,77358,81.1,0.03836,1017558,Success
2022-11-28 12:57:22,bookHotel,1162961,19.14,0.034369,387571,Success
2023-12-02 03:37:13,bookHotel,682134,164.83,0.023418,1013893,Failed
2023-06-18 07:49:13,bookHotel,1269789,118.07,0.022777,1175879,Failed
2022-04-21 07:12:14,bookHotel,871935,135.38,0.041366,619180,Failed
2021-11-12 02:35:58,bookHotel,482653,191.64,0.047605,945845,Failed
2025-07-07 11:10:36,bookHotel,558365,26.1,0.003791,820719,Success
2022-09-28 20:56:56,bookHotel,1276951,78.92,0.020746,945984,Success
2021-04-30 17:23:39,bookHotel,946519,13.88,0.00999,1282567,Failed
2023-02-08 15:19:43,bookHotel,326406,53.85,0.045827,974335,Success
2023-11-08 19:14:54,bookHotel,1346507,45.34,0.04457,877731,Failed
2021-01-18 23:27:18,bookHotel,1110830,35.3,0.047759,620759,Success
2023-05-09 16:04:40,bookHotel,320985,73.66,0.03888,140686,Success
2022-08-27 03:07:21,bookHotel,1271618,176.17,0.034943,670935,Success
2024-04-14 09:47:18,bookHotel,280390,58.49,0.049264,584812,Failed
2025-05-29 06:59:19,bookHotel,295017,58.07,0.046378,632348,Failed
2022-03-07 03:18:43,bookHotel,493604,46.03,0.020815,485979,Success
2020-03-11 11:15:52,bookHotel,220945,45.21,0.017559,1144487,Failed
2021-08-17 08:12:11,bookHotel,1297915,128.07,0.047065,284022,Failed
2021-09-05 11:22:52,bookHotel,807647,170.89,0.028985,782876,Success
2023-02-11 21:43:51,bookHotel,160932,33.56,0.031898,948948,Success
2022-10-22 17:24:05,bookHotel,217062,131.49,0.043851,1269465,Success
2021-07-05 11:29:41,bookHotel,1459219,81.54,0.028493,446722,Failed
2020-02-15 00:51:03,bookHotel,1451470,76.14,0.041244,540978,Failed
2021-05-20 12:26:07,bookHotel,792774,78.09,0.033443,392838,Success
2023-04-16 11:22:03,bookHotel,1409213,78.8,0.042761,1235339,Success
2025-03-10 14:48:28,bookHotel,933362,39.05,0.015399,282929,Failed
2025-06-03 14:49:20,bookHotel,1143845,158.47,0.04064,1177449,Success
2023-09-15 04:48:05,bookHotel,236947,123.41,0.023568,1323418,Failed
2022-01-17 08:19:42,bookHotel,1242958,108.23,0.013108,1104545,Success
2024-09-07 22:23:15,bookHotel,186252,154.29,0.018764,1192134,Success
2023-01-16 01:22:33,bookHotel,590913,19.56,0.010426,53992,Success
2025-09-20 21:43:52,bookHotel,1097747,70.46,0.006606,1400656,Success
2021-10-22 01:43:23,bookHotel,453861,148.54,0.045748,737506,Failed
2025-07-16 03:19:21,bookHotel,488228,91.04,0.008929,795623,Failed
2022-07-07 13:12:03,bookHotel,304110,1.44,0.005377,57033,Failed
2021-09-28 12:31:54,bookHotel,1388512,116.71,0.02925,220419,Success
2025-12-17 13:37:06,bookHotel,1441722,49.23,0.027711,1252688,Success
2025-10-25 13:46:48,bookHotel,744974,152.8,0.007527,589812,Failed
2021-09-06 04:25:19,bookHotel,37783,186.61,0.006451,565952,Failed
2024-11-26 20:51:01,bookHotel,655349,97.61,0.031472,974015,Success
2023-11-24 17:48:02,bookHotel,876627,122.06,0.025769,60041,Success
2022-07-08 20:26:43,bookHotel,243950,169.9,0.021726,643306,Success
2021-03-01 23:05:53,bookHotel,1359103,44.1,0.031104,249062,Failed
2024-03-15 09:37:40,bookHotel,1089212,105.87,0.01033,808742,Success
2025-06-22 12:30:45,bookHotel,1170802,162.08,0.00222,1007290,Success
2023-07-07 20:00:22,bookHotel,243751,193.35,0.045082,1036569,Failed
2024-11-14 20:50:34,bookHotel,1346024,196.71,0.027699,197389,Success
2023-09-29 10:08:20,bookHotel,277149,127.94,0.01241,663499,Success
2024-05-31 03:55:21,bookHotel,353793,20.04,0.033133,49632,Failed
2021-05-23 11:55:08,bookHotel,966327,117.74,0.042074,502841,Success
2024-06-16 21:18:48,bookHotel,1165213,42.36,0.035554,1060206,Failed
2021-04-13 18:49:26,bookHotel,1241195,104.26,0.000782,973633,Success
2022-09-30 22:32:39,bookHotel,986473,5.27,0.00874,511296,Success
2022-09-13 19:28:47,bookHotel,684401,61.96,0.042113,1007477,Failed
2024-10-13 03:56:44,bookHotel,287188,44.43,0.027981,666903,Failed
2024-05-28 16:04:18,bookHotel,490391,108.86,0.001479,1016115,Success
2020-08-02 02:26:07,bookHotel,1277493,175.61,0.01459,474650,Success
2021-12-22 01:56:58,bookHotel,945567,182.96,0.040555,634342,Failed
2025-05-05 11:23:21,bookHotel,111395,103.21,0.043143,1091050,Failed
2020-06-19 06:53:56,bookHotel,634983,187.23,0.000987,659798,Success
2023-11-09 05:40:54,bookHotel,1186274,128.02,0.006859,112311,Success
2024-11-02 02:47:48,bookHotel,1451539,77.52,0.004122,634872,Success
2022-01-12 01:53:36,bookHotel,187090,131.71,0.006912,1373581,Failed
2023-04-30 08:30:18,bookHotel,252176,175.49,0.000839,713005,Success
2021-12-04 15:34:14,bookHotel,1426879,169.78,0.021397,299993,Success
2025-03-07 18:53:53,bookHotel,1186470,122.01,0.042193,1049478,Failed
2020-04-11 10:53:42,bookHotel,547095,176.3,0.030309,125511,Success
2022-02-09 11:59:46,bookHotel,610328,158.25,0.017205,1385000,Success
2022-04-20 18:03:14,bookHotel,315303,106.16,0.043408,1024646,Failed
2023-04-12 12:41:32,bookHotel,160039,198.22,0.00183,402329,Success
2020-10-14 19:32:40,bookHotel,1397524,26.98,0.038937,1252877,Success
2020-01-25 11:54:55,bookHotel,367269,95.41,0.023779,793650,Success
2023-12-10 00:53:14,bookHotel,973961,49.46,0.025945,222697,Failed
2022-05-11 20:15:39,bookHotel,714540,90.03,0.048168,828662,Success
2024-05-24 18:57:41,bookHotel,104892,112.63,0.043903,974650,Failed
2025-05-15 21:36:17,bookHotel,1103902,170.62,0.01831,412108,Success
2020-11-24 00:19:55,bookHotel,85939,184.84,0.007473,40061,Failed
2020-10-02 11:53:29,bookHotel,793458,189.25,0.011006,550941,Failed
2023-04-09 11:20:55,bookHotel,1288139,37.62,0.000528,1082538,Success
2021-04-27 23:59:22,bookHotel,672457,10.03,0.0094,992494,Success
2025-05-17 20:28:24,bookHotel,232082,46.31,0.021866,1479936,Success
2025-01-31 01:35:41,bookHotel,1358411,129.81,0.022901,1368799,Failed
2025-03-04 11:09:10,bookHotel,1103196,39.1,0.043044,124926,Success
2022-07-09 10:36:11,bookHotel,1029735,199.89,0.019904,554156,Failed
2021-01-06 01:08:03,bookHotel,64808,114.0,0.002339,683937,Failed
2022-11-17 05:32:56,bookHotel,1366483,132.44,0.001175,569787,Success
2025-03-17 04:04:31,bookHotel,641452,109.52,0.015835,1483646,Success
2022-09-29 17:07:30,bookHotel,889970,23.46,0.036555,1280430,Failed
2020-11-14 09:34:24,bookHotel,352846,99.52,0.020277,10970,Success
2024-02-28 15:57:35,bookHotel,1449408,26.1,0.03946,127403,Failed
2023-01-12 00:59:24,bookHotel,1450945,14.29,0.038098,266378,Failed
2020-12-24 13:55:49,bookHotel,390053,73.46,0.027866,770619,Failed
2024-01-16 00:12:11,bookHotel,573049,119.33,0.033693,544450,Success
2025-10-25 11:21:48,bookHotel,1236302,27.05,0.040408,447463,Failed
2020-12-31 11:20:09,bookHotel,1474959,61.05,0.013306,1167168,Success
2020-08-22 22:29:33,bookHotel,672444,155.03,0.001137,270178,Failed
2023-09-04 23:50:44,bookHotel,59671,61.75,0.008654,76860,Failed
2025-01-26 14:19:38,bookHotel,1195017,132.69,0.016459,481027,Success
2025-03-23 05:51:13,bookHotel,1469834,164.58,0.013406,235103,Success
2025-10-05 07:28:24,bookHotel,1316484,134.9,0.023082,904642,Failed
2020-04-27 23:47:21,bookHotel,476883,61.09,0.040069,64738,Failed
2020-06-08 10:08:23,bookHotel,292547,136.65,0.020464,521470,Success
2020-12-13 23:51:17,bookHotel,1274428,166.03,0.031279,382729,Success
2020-12-07 09:34:10,bookHotel,782540,8.23,0.002907,298933,Success
2024-02-05 23:01:02,bookHotel,1493865,195.21,0.035619,495707,Success
2020-07-21 10:31:34,bookHotel,898782,122.34,0.025926,574276,Success
2025-06-26 06:51:37,bookHotel,344613,85.15,0.021399,909037,Success
2025-05-15 22:45:56,bookHotel,476034,2.6,0.044199,1489372,Success
2022-08-26 10:52:48,bookHotel,407458,76.8,0.007658,278167,Success
2021-09-21 00:44:29,bookHotel,858156,167.58,0.002239,1303840,Failed
2021-04-28 08:10:22,bookHotel,1142568,124.47,0.009008,795738,Success
2021-08-27 00:27:17,bookHotel,613807,11.13,0.037292,1449819,Failed
2023-01-18 05:52:43,bookHotel,768797,186.85,0.012454,1341388,Success
2022-10-01 17:40:33,bookHotel,247200,86.58,0.034362,8441,Failed
2024-11-05 15:35:42,bookHotel,47707,28.8,0.047396,45422,Failed
2025-06-26 15:29:56,bookHotel,210882,57.19,0.046566,239123,Failed
2024-10-16 20:27:26,bookHotel,1221237,18.27,0.002266,1389711,Failed
2024-01-16 12:29:09,bookHotel,683300,168.11,0.016191,49797,Success
2024-06-12 13:13:12,bookHotel,1361582,17.24,0.01756,313864,Failed
2025-01-03 12:22:29,bookHotel,678898,167.31,0.039907,176784,Failed
2023-03-23 08:07:03,bookHotel,1391315,69.51,0.049857,348806,Failed
2021-04-15 02:17:33,bookHotel,321035,146.04,0.031488,104270,Success
2021-08-17 05:31:49,bookHotel,240005,134.03,0.006243,295666,Failed
2023-08-06 15:38:19,bookHotel,402305,96.6,0.00175,556116,Success
2022-03-24 23:01:06,bookHotel,745384,125.65,0.015941,277302,Success
2022-07-16 04:42:48,bookHotel,582810,42.6,0.04172,301129,Failed
2023-04-13 18:30:25,bookHotel,1204021,149.31,0.022309,1011832,Success
2021-03-16 20:13:00,bookHotel,957049,13.16,0.045472,1021931,Success
2024-01-05 03:36:18,bookHotel,1334797,169.04,0.032828,810519,Failed
2023-07-06 10:58:14,bookHotel,33565,115.81,0.047645,1485624,Failed
2023-01-06 22:24:31,bookHotel,440428,68.25,0.027222,491981,Failed
2021-10-11 11:01:58,bookHotel,1270597,116.94,0.049784,1461771,Success
2023-08-06 21:06:57,bookHotel,40781,108.64,0.028999,762211,Success
2020-01-19 18:51:01,bookHotel,506046,125.12,0.020048,1251379,Success
2021-05-27 16:34:48,bookHotel,501490,11.22,0.001917,1290978,Success
2025-07-14 12:25:33,bookHotel,909866,141.46,0.028498,1282980,Failed
2021-10-25 14:23:29,bookHotel,524537,54.02,0.010526,220162,Success
2025-06-07 08:24:18,bookHotel,397889,18.54,0.010204,1379143,Failed
2021-09-06 03:58:50,bookHotel,911975,174.23,0.026274,1401761,Success
2022-06-02 15:15:56,bookHotel,1299637,41.42,0.025399,89816,Failed
2021-06-21 15:00:07,bookHotel,1218641,54.18,0.029636,951598,Success
2024-03-22 07:39:56,bookHotel,120701,129.61,0.026444,1277860,Success
2020-07-07 17:48:10,bookHotel,1213671,162.1,0.018035,1439640,Failed
2021-02-17 00:34:02,bookHotel,519865,46.19,0.0278,1121730,Failed
2022-10-16 13:41:27,bookHotel,509470,37.15,0.038043,1374356,Success
2022-02-21 20:37:11,bookHotel,1059400,72.0,0.011352,135309,Success
2025-02-11 16:13:29,bookHotel,484660,5.47,0.033716,1098241,Failed
2025-08-09 15:11:47,bookHotel,1282467,6.06,0.036412,21209,Failed
2023-11-19 07:03:26,bookHotel,415164,136.57,0.030255,824727,Success
2020-08-24 11:42:57,bookHotel,661044,173.82,0.019944,940618,Success
2021-03-17 00:47:21,bookHotel,247851,110.09,0.042526,1082600,Failed
2024-08-17 17:22:18,bookHotel,875106,36.56,0.003916,81922,Success
2025-02-07 08:09:51,bookHotel,1200925,5.32,0.034517,147247,Success
2022-07-14 11:42:12,bookHotel,649646,85.89,0.045275,587026,Success
2024-05-18 08:16:48,bookHotel,111187,109.0,0.034562,1289290,Success
2025-06-09 16:02:00,bookHotel,1095003,104.72,0.04769,1303414,Success
2023-12-09 19:09:50,bookHotel,1472142,191.96,0.006168,409474,Failed
2024-04-17 21:36:55,bookHotel,582549,111.98,0.026886,78786,Success
2021-01-20 10:01:49,bookHotel,1256886,106.88,0.047804,546810,Failed
2020-01-27 23:55:45,bookHotel,1037993,25.09,0.038602,160378,Success
2021-05-24 05:47:04,bookHotel,293460,199.59,0.027928,794853,Failed
2022-06-02 02:22:20,bookHotel,1267774,53.29,0.036827,91420,Failed
2025-06-14 16:43:28,bookHotel,1472950,162.72,0.019814,718832,Failed
2023-09-21 05:09:52,bookHotel,72488,141.95,0.01683,676540,Success
2022-04-15 00:56:30,bookHotel,612172,7.91,0.049673,1282578,Failed
2022-08-11 05:50:06,bookHotel,546756,38.92,0.041367,309021,Success
2025-02-23 07:38:48,bookHotel,833220,162.66,0.022957,882568,Success
2022-01-17 21:38:07,bookHotel,1367065,91.43,0.045095,1361182,Success
2024-04-02 12:17:40,bookHotel,1030615,32.41,0.016316,1097942,Success
2024-05-11 19:52:46,bookHotel,915688,40.48,0.044905,530586,Failed
2023-12-11 09:41:21,bookHotel,824372,97.86,0.009548,627464,Failed
2024-10-26 18:16:50,bookHotel,736632,149.3,0.041658,283607,Success
2024-12-24 13:18:24,bookHotel,624109,192.37,0.018212,378957,Success
2020-02-29 03:44:59,bookHotel,1310450,82.69,0.001429,512716,Failed
2023-10-11 12:04:38,bookHotel,616939,124.95,0.029726,1355616,Success
2023-06-25 09:17:12,bookHotel,60802,81.05,0.047771,833155,Success
2022-02-04 21:30:01,bookHotel,1442264,150.34,0.044316,1269519,Success
2022-01-12 03:59:26,bookHotel,850380,65.97,0.042179,736792,Failed
2024-10-26 08:44:26,bookHotel,893670,42.05,0.035431,720862,Success
2020-01-25 15:07:44,bookHotel,342867,47.13,0.039916,1012514,Success
2022-10-09 01:13:53,bookHotel,326964,74.58,0.044927,889762,Failed
2023-03-11 19:51:48,bookHotel,900273,193.53,0.020046,339095,Failed
2024-12-28 10:15:16,bookHotel,1462620,137.88,0.014446,396567,Failed
2021-04-01 10:30:00,bookHotel,1092437,27.03,0.028818,331221,Failed
2022-11-01 22:19:17,bookHotel,1120559,63.46,0.021091,1479932,Failed
2025-05-16 19:47:00,bookHotel,1448514,72.69,0.030462,588429,Success
2023-04-06 06:26:28,bookHotel,785971,38.47,0.024277,1417609,Failed
2024-08-01 07:16:06,bookHotel,37963,19.94,0.006395,43941,Success
2020-02-19 23:45:04,bookHotel,416121,19.73,0.000872,375782,Success
2024-05-02 22:57:10,bookHotel,960142,194.45,0.03126,962116,Failed
2022-10-20 06:20:16,bookHotel,597422,15.13,0.021293,965078,Success
2021-06-21 04:25:30,bookHotel,346985,129.55,0.047983,260063,Success
2020-07-06 19:30:12,bookHotel,1248971,199.87,0.028419,1367430,Success
2022-09-02 12:19:57,bookHotel,744960,117.65,0.032957,292518,Success
2024-12-03 04:43:38,bookHotel,698847,114.61,0.048991,215261,Success
2025-06-29 01:37:49,bookHotel,402007,113.74,0.007088,1079703,Failed
2020-03-30 16:17:13,bookHotel,680203,189.07,0.012813,155291,Success
2023-06-16 15:36:25,bookHotel,720528,116.46,0.002502,273709,Success
2021-09-09 15:06:52,bookHotel,1142985,21.15,0.007719,904241,Success
2024-03-29 14:48:52,bookHotel,1178833,136.72,0.04257,1269608,Failed
2021-07-23 11:01:47,bookHotel,386850,109.5,0.020657,90748,Failed
2021-04-15 23:06:29,bookHotel,1058826,169.66,0.018942,722533,Failed
2025-01-29 02:24:36,bookHotel,248821,176.07,0.032703,500001,Success
2020-06-12 07:19:24,bookHotel,755819,73.9,0.045372,719888,Success
2020-04-16 08:34:47,bookHotel,492052,126.81,0.008302,380583,Failed
2025-10-30 17:27:18,bookHotel,359039,172.39,0.026074,617054,Failed
2025-12-02 01:35:20,bookHotel,690495,151.02,0.00388,496303,Failed
2021-02-03 17:16:26,bookHotel,526620,94.6,0.022081,58960,Success
2022-04-11 01:29:15,bookHotel,1211693,89.94,0.037079,159334,Success
2021-12-23 23:03:09,bookHotel,138323,10.46,0.017272,1047119,Failed
2025-12-12 11:56:34,bookHotel,201115,120.88,0.005895,68958,Failed
2022-09-05 01:05:11,bookHotel,1258286,26.76,0.004923,798571,Failed
2020-07-16 02:39:11,bookHotel,1299552,23.45,0.048378,731071,Success
2021-08-12 21:03:16,bookHotel,203399,110.96,0.006823,720704,Failed
2023-12-01 20:23:27,bookHotel,1260393,14.94,0.021897,895087,Failed
2023-09-19 04:54:03,bookHotel,283204,197.33,0.048221,482575,Success
2022-08-29 10:57:01,bookHotel,766212,66.79,0.023795,1007339,Success
2025-10-22 07:29:50,bookHotel,96921,171.06,0.015268,79335,Failed
2024-02-15 23:38:39,bookHotel,452384,60.45,0.034082,372285,Failed
2023-04-18 05:08:54,bookHotel,1070130,178.29,0.005759,563721,Success
2022-01-05 05:01:44,bookHotel,484631,19.28,0.019198,207130,Success
2021-03-07 06:29:51,bookHotel,713491,141.33,0.040174,1122014,Success
2020-06-16 19:36:07,bookHotel,1170933,44.26,0.016305,424560,Failed
2023-02-06 22:45:34,bookHotel,85012,88.98,0.037541,922667,Failed
2022-12-22 01:35:57,bookHotel,601108,9.76,0.047517,1493852,Failed
2024-06-01 21:28:37,bookHotel,1070289,68.68,0.024383,1330454,Failed
2022-09-09 14:06:07,bookHotel,897358,25.32,0.026318,705633,Failed
2025-07-06 08:01:26,bookHotel,227462,74.05,0.025811,468117,Success
2021-06-22 22:13:23,bookHotel,478817,113.96,0.019451,756620,Failed
